tech,role,stage,region,n_firms,median_fixed_assets_kusd
Batteries,Final Product,Final Product,Parana,1,16631.86653300484
Batteries,Final Product,Final Product,Pernambuco,1,2189015.8889436666
Batteries,Process Equipment,Downstream,Amazonas,2,2829.4633045992105
Batteries,Process Equipment,Downstream,Ceara,1,19491.4539188208
Batteries,Process Equipment,Downstream,Federal district,2,12532.594164799531
Batteries,Process Equipment,Downstream,Minas Gerais,16,21688.267720578697
Batteries,Process Equipment,Downstream,Parana,19,8792.12075615685
Batteries,Process Equipment,Downstream,Rio Grande do Sul,10,93043.87044966329
Batteries,Process Equipment,Downstream,Rio de Janeiro,5,9578.029178655874
Batteries,Process Equipment,Downstream,Santa Catarina,15,13546.6878713874
Batteries,Process Equipment,Downstream,Sao Paulo,61,14089.443334247226
Batteries,Process Equipment,Midstream,Amazonas,1,171.46559818431
Batteries,Process Equipment,Midstream,Ceara,1,19491.4539188208
Batteries,Process Equipment,Midstream,Minas Gerais,7,33210.663743726574
Batteries,Process Equipment,Midstream,Parana,11,3431.91421764943
Batteries,Process Equipment,Midstream,Rio Grande do Sul,4,111625.77198505687
Batteries,Process Equipment,Midstream,Rio de Janeiro,2,25102.061981803385
Batteries,Process Equipment,Midstream,Santa Catarina,13,13546.6878713874
Batteries,Process Equipment,Midstream,Sao Paulo,35,18464.8802402264
Batteries,Processed Material,Midstream,Bahia,2,273492.1662833819
Batteries,Processed Material,Midstream,Ceara,5,43488.28729621518
Batteries,Processed Material,Midstream,Espirito Santo,1,42314.16653844383
Batteries,Processed Material,Midstream,Maranhao,1,9713.28411023953
Batteries,Processed Material,Midstream,Minas Gerais,11,107273.64851263458
Batteries,Processed Material,Midstream,Para,2,7465508.257204284
Batteries,Processed Material,Midstream,Paraiba,1,17258.581340611323
Batteries,Processed Material,Midstream,Parana,6,27257.10437793599
Batteries,Processed Material,Midstream,Pernambuco,1,24982.26043633858
Batteries,Processed Material,Midstream,Rio Grande do Norte,1,42970.748329591726
Batteries,Processed Material,Midstream,Rio Grande do Sul,3,16290.36820203258
Batteries,Processed Material,Midstream,Rio de Janeiro,2,407488.69198715605
Batteries,Processed Material,Midstream,Rondonia,1,22264.001986365423
Batteries,Processed Material,Midstream,Santa Catarina,2,51412.60495610305
Batteries,Processed Material,Midstream,Sao Paulo,19,114546.405315199
Batteries,Processed Material,Midstream,Tocantins,1,2378.338987849475
Batteries,Product Component,Downstream,Parana,1,16631.86653300484
Batteries,Product Component,Downstream,Pernambuco,1,2189015.8889436666
Batteries,Product Component,Midstream,Alagoas,1,14173.36648761502
Batteries,Product Component,Midstream,Amazonas,9,14988.5850448815
Batteries,Product Component,Midstream,Bahia,9,94667.3073445951
Batteries,Product Component,Midstream,Ceara,4,6448.712825888129
Batteries,Product Component,Midstream,Federal district,1,7740.786205206736
Batteries,Product Component,Midstream,Goias,3,5852.233326738885
Batteries,Product Component,Midstream,Maranhao,1,9713.28411023953
Batteries,Product Component,Midstream,Minas Gerais,14,51647.17302233113
Batteries,Product Component,Midstream,Para,4,1562925.5995892328
Batteries,Product Component,Midstream,Parana,15,32270.92413115232
Batteries,Product Component,Midstream,Pernambuco,6,299213.7597798399
Batteries,Product Component,Midstream,Rio Grande do Norte,1,27331.733009957876
Batteries,Product Component,Midstream,Rio Grande do Sul,20,69765.67236727221
Batteries,Product Component,Midstream,Rio de Janeiro,24,63562.43761049455
Batteries,Product Component,Midstream,Santa Catarina,13,31197.801926368847
Batteries,Product Component,Midstream,Sao Paulo,64,61935.17625541316
Batteries,Product Component,Midstream,Sergipe,1,2838.19915961275
Batteries,Product Component,Midstream,NA,2,600081.0220705541
Batteries,Raw Material,Upstream,Bahia,6,515332.6153353444
Batteries,Raw Material,Upstream,Goias,1,74648.4086196589
Batteries,Raw Material,Upstream,Minas Gerais,2,127939.59470533315
Batteries,Raw Material,Upstream,Parana,1,57757.8640415887
Batteries,Raw Material,Upstream,Pernambuco,1,2151740.257099438
Batteries,Raw Material,Upstream,Rio Grande do Sul,2,411384.1850281502
Batteries,Raw Material,Upstream,Rio de Janeiro,3,6548.094878660086
Batteries,Raw Material,Upstream,Santa Catarina,1,17211.3079437255
Batteries,Raw Material,Upstream,Sao Paulo,22,88104.8805062955
Batteries,Raw Material,Upstream,NA,1,18818483.680936
Biofuel,Final Product,Final Product,Amazonas,4,15103.22663957566
Biofuel,Final Product,Final Product,Bahia,13,155373.4845719265
Biofuel,Final Product,Final Product,Ceara,2,12954.869677364424
Biofuel,Final Product,Final Product,Federal district,1,7740.786205206736
Biofuel,Final Product,Final Product,Goias,3,6530.939590152853
Biofuel,Final Product,Final Product,Minas Gerais,1,15316.2645679773
Biofuel,Final Product,Final Product,Para,2,14280.120918631623
Biofuel,Final Product,Final Product,Parana,5,37832.4955535631
Biofuel,Final Product,Final Product,Pernambuco,4,763028.6300177139
Biofuel,Final Product,Final Product,Rio Grande do Norte,1,27331.733009957876
Biofuel,Final Product,Final Product,Rio Grande do Sul,4,411384.1850281502
Biofuel,Final Product,Final Product,Rio de Janeiro,9,172192.3433747838
Biofuel,Final Product,Final Product,Santa Catarina,4,48604.307782073774
Biofuel,Final Product,Final Product,Sao Paulo,41,121077.50748853033
Biofuel,Final Product,Final Product,NA,3,1186304.40214526
Biofuel,Process Equipment,Downstream,Amazonas,3,16106.597955909176
Biofuel,Process Equipment,Downstream,Ceara,1,7413.401022995626
Biofuel,Process Equipment,Downstream,Minas Gerais,7,22457.82225889142
Biofuel,Process Equipment,Downstream,Parana,10,15723.692574148015
Biofuel,Process Equipment,Downstream,Pernambuco,1,91587.19213744777
Biofuel,Process Equipment,Downstream,Rio Grande do Sul,6,27509.647382353
Biofuel,Process Equipment,Downstream,Rio de Janeiro,3,6773.97303981107
Biofuel,Process Equipment,Downstream,Santa Catarina,10,12628.151701743489
Biofuel,Process Equipment,Downstream,Sao Paulo,29,11202.57320628615
Biofuel,Process Equipment,Midstream,Ceara,1,19491.4539188208
Biofuel,Process Equipment,Midstream,Minas Gerais,1,52380.2215832067
Biofuel,Process Equipment,Midstream,Parana,6,6021.282464104269
Biofuel,Process Equipment,Midstream,Rio Grande do Sul,4,127767.35682297985
Biofuel,Process Equipment,Midstream,Rio de Janeiro,2,22100.853757693396
Biofuel,Process Equipment,Midstream,Santa Catarina,10,21261.288727423627
Biofuel,Process Equipment,Midstream,Sao Paulo,20,14384.387317442895
Biofuel,Processed Material,Midstream,Amazonas,4,15103.22663957566
Biofuel,Processed Material,Midstream,Bahia,14,229654.70631270856
Biofuel,Processed Material,Midstream,Ceara,3,910.8314860803475
Biofuel,Processed Material,Midstream,Federal district,1,7740.786205206736
Biofuel,Processed Material,Midstream,Goias,3,6530.939590152853
Biofuel,Processed Material,Midstream,Maranhao,1,9713.28411023953
Biofuel,Processed Material,Midstream,Minas Gerais,8,156869.55644176446
Biofuel,Processed Material,Midstream,Para,4,1562925.5995892328
Biofuel,Processed Material,Midstream,Parana,7,37832.4955535631
Biofuel,Processed Material,Midstream,Pernambuco,4,763028.6300177139
Biofuel,Processed Material,Midstream,Rio Grande do Norte,1,27331.733009957876
Biofuel,Processed Material,Midstream,Rio Grande do Sul,5,128253.41451588839
Biofuel,Processed Material,Midstream,Rio de Janeiro,11,172192.3433747838
Biofuel,Processed Material,Midstream,Rondonia,1,22264.001986365423
Biofuel,Processed Material,Midstream,Santa Catarina,6,20516.38579556218
Biofuel,Processed Material,Midstream,Sao Paulo,55,114546.405315199
Biofuel,Processed Material,Midstream,NA,3,1186304.40214526
Biofuel,Raw Material,Midstream,Ceara,1,363093.17279484123
Biofuel,Raw Material,Midstream,Minas Gerais,1,219667.98338923822
Biofuel,Raw Material,Midstream,Parana,1,35363.60660599823
Biofuel,Raw Material,Midstream,Pernambuco,1,228117.46045817
Biofuel,Raw Material,Midstream,Rio Grande do Sul,1,63413.547838234685
Biofuel,Raw Material,Midstream,Rio de Janeiro,1,558595.595783708
Biofuel,Raw Material,Upstream,Amapa,1,1086795.592213186
Biofuel,Raw Material,Upstream,Bahia,4,58784.12280115242
Biofuel,Raw Material,Upstream,Goias,2,1388929.2861123472
Biofuel,Raw Material,Upstream,Mato Grosso,6,84747.48943718107
Biofuel,Raw Material,Upstream,Mato Grosso do Sul,1,55312.61965207104
Biofuel,Raw Material,Upstream,Para,9,18844.1395260632
Biofuel,Raw Material,Upstream,Paraiba,1,2091.81801111849
Biofuel,Raw Material,Upstream,Parana,7,18849.0377233499
Biofuel,Raw Material,Upstream,Piaui,1,56149.30135726772
Biofuel,Raw Material,Upstream,Rio Grande do Sul,6,748309.890948954
Biofuel,Raw Material,Upstream,Rondonia,1,25017.2714453393
Biofuel,Raw Material,Upstream,Santa Catarina,3,2147288.61150422
Biofuel,Raw Material,Upstream,Sao Paulo,9,1188452.6980555675
Biofuel,Raw Material,Upstream,NA,2,271418.9519901365
Electrolyzers,Final Product,Final Product,Rio de Janeiro,1,125710.8041339366
Electrolyzers,Final Product,Final Product,Sao Paulo,6,97639.1864318353
Electrolyzers,Process Equipment,Downstream,Amazonas,2,2829.4633045992105
Electrolyzers,Process Equipment,Downstream,Ceara,1,19491.4539188208
Electrolyzers,Process Equipment,Downstream,Federal district,1,21945.7746891278
Electrolyzers,Process Equipment,Downstream,Minas Gerais,11,22457.82225889142
Electrolyzers,Process Equipment,Downstream,Parana,15,5259.77840597317
Electrolyzers,Process Equipment,Downstream,Rio Grande do Sul,10,83455.62521058792
Electrolyzers,Process Equipment,Downstream,Rio de Janeiro,4,9903.021029736386
Electrolyzers,Process Equipment,Downstream,Santa Catarina,13,13546.6878713874
Electrolyzers,Process Equipment,Downstream,Sao Paulo,51,23634.8092335266
Electrolyzers,Process Equipment,Midstream,Ceara,1,19491.4539188208
Electrolyzers,Process Equipment,Midstream,Minas Gerais,1,52380.2215832067
Electrolyzers,Process Equipment,Midstream,Parana,5,5259.77840597317
Electrolyzers,Process Equipment,Midstream,Rio Grande do Sul,3,216320.960943523
Electrolyzers,Process Equipment,Midstream,Rio de Janeiro,1,43430.1509237957
Electrolyzers,Process Equipment,Midstream,Santa Catarina,7,19661.258643382676
Electrolyzers,Process Equipment,Midstream,Sao Paulo,15,18464.8802402264
Electrolyzers,Processed Material,Midstream,Bahia,2,273492.1662833819
Electrolyzers,Processed Material,Midstream,Minas Gerais,4,127939.59470533315
Electrolyzers,Processed Material,Midstream,Rio Grande do Sul,1,93805.82775882956
Electrolyzers,Processed Material,Midstream,Rio de Janeiro,2,407488.69198715605
Electrolyzers,Processed Material,Midstream,Rondonia,1,22264.001986365423
Electrolyzers,Processed Material,Midstream,Santa Catarina,1,17211.3079437255
Electrolyzers,Processed Material,Midstream,Sao Paulo,11,114546.405315199
Electrolyzers,Product Component,Downstream,Amazonas,3,16106.597955909176
Electrolyzers,Product Component,Downstream,Bahia,1,243048.40451327324
Electrolyzers,Product Component,Downstream,Ceara,1,7413.401022995626
Electrolyzers,Product Component,Downstream,Minas Gerais,7,22457.82225889142
Electrolyzers,Product Component,Downstream,Parana,10,15723.692574148015
Electrolyzers,Product Component,Downstream,Pernambuco,1,91587.19213744777
Electrolyzers,Product Component,Downstream,Rio Grande do Sul,6,27509.647382353
Electrolyzers,Product Component,Downstream,Rio de Janeiro,3,6773.97303981107
Electrolyzers,Product Component,Downstream,Santa Catarina,9,11709.61553209958
Electrolyzers,Product Component,Downstream,Sao Paulo,28,11985.7918125019
Electrolyzers,Product Component,Midstream,Amazonas,4,15103.22663957566
Electrolyzers,Product Component,Midstream,Bahia,8,68558.31502260175
Electrolyzers,Product Component,Midstream,Ceara,2,12954.869677364424
Electrolyzers,Product Component,Midstream,Federal district,1,7740.786205206736
Electrolyzers,Product Component,Midstream,Goias,2,6191.586458445869
Electrolyzers,Product Component,Midstream,Minas Gerais,1,15316.2645679773
Electrolyzers,Product Component,Midstream,Para,2,14280.120918631623
Electrolyzers,Product Component,Midstream,Parana,4,23843.954992862644
Electrolyzers,Product Component,Midstream,Pernambuco,3,408031.4281034467
Electrolyzers,Product Component,Midstream,Rio Grande do Norte,1,27331.733009957876
Electrolyzers,Product Component,Midstream,Rio Grande do Sul,2,434529.8016570087
Electrolyzers,Product Component,Midstream,Rio de Janeiro,8,174723.47289353493
Electrolyzers,Product Component,Midstream,Santa Catarina,4,48604.307782073774
Electrolyzers,Product Component,Midstream,Sao Paulo,27,132060.61973015335
Electrolyzers,Product Component,Midstream,NA,2,600081.0220705541
Geothermal,Final Product,Final Product,Amazonas,4,22600.84696460165
Geothermal,Final Product,Final Product,Bahia,1,319.6439581125267
Geothermal,Final Product,Final Product,Ceara,5,17088.7071576276
Geothermal,Final Product,Final Product,Espirito Santo,2,263678.8801742887
Geothermal,Final Product,Final Product,Goias,2,53858.97689811677
Geothermal,Final Product,Final Product,Mato Grosso do Sul,1,14933.08102042574
Geothermal,Final Product,Final Product,Minas Gerais,6,255032.74125667816
Geothermal,Final Product,Final Product,Parana,6,19514.374759849223
Geothermal,Final Product,Final Product,Pernambuco,2,83401.51311301728
Geothermal,Final Product,Final Product,Rio Grande do Sul,11,94676.56117360754
Geothermal,Final Product,Final Product,Rio de Janeiro,6,343510.0418737733
Geothermal,Final Product,Final Product,Santa Catarina,12,23411.952058731673
Geothermal,Final Product,Final Product,Sao Paulo,26,115435.16666449411
Geothermal,Process Equipment,Downstream,Amazonas,1,5487.46101101411
Geothermal,Process Equipment,Downstream,Espirito Santo,1,948.412073106765
Geothermal,Process Equipment,Downstream,Federal district,1,21945.7746891278
Geothermal,Process Equipment,Downstream,Minas Gerais,5,52564.4056615578
Geothermal,Process Equipment,Downstream,Parana,4,88438.95611036342
Geothermal,Process Equipment,Downstream,Rio Grande do Sul,8,98889.07539236083
Geothermal,Process Equipment,Downstream,Rio de Janeiro,1,9578.029178655874
Geothermal,Process Equipment,Downstream,Santa Catarina,1,44181.769929459
Geothermal,Process Equipment,Downstream,Sao Paulo,18,46986.96011507942
Geothermal,Process Equipment,Midstream,Amazonas,1,171.46559818431
Geothermal,Process Equipment,Midstream,Minas Gerais,7,33210.663743726574
Geothermal,Process Equipment,Midstream,Parana,6,2307.921097293817
Geothermal,Process Equipment,Midstream,Rio Grande do Sul,1,375.862067966908
Geothermal,Process Equipment,Midstream,Rio de Janeiro,2,66242.38858687383
Geothermal,Process Equipment,Midstream,Santa Catarina,6,8830.774503551078
Geothermal,Process Equipment,Midstream,Sao Paulo,26,27503.64674086255
Geothermal,Processed Material,Midstream,Amazonas,2,1657298.7070605573
Geothermal,Processed Material,Midstream,Bahia,4,409497.02977462905
Geothermal,Processed Material,Midstream,Ceara,4,1091080.99643769
Geothermal,Processed Material,Midstream,Espirito Santo,1,5332817.99932462
Geothermal,Processed Material,Midstream,Federal district,1,2575929.78393503
Geothermal,Processed Material,Midstream,Goias,1,25298.517556876548
Geothermal,Processed Material,Midstream,Maranhao,7,311545.3494066708
Geothermal,Processed Material,Midstream,Minas Gerais,24,332082.4377206254
Geothermal,Processed Material,Midstream,Para,2,2650566.9749261
Geothermal,Processed Material,Midstream,Parana,7,257202.839196777
Geothermal,Processed Material,Midstream,Pernambuco,1,1222488.44941436
Geothermal,Processed Material,Midstream,Piaui,1,1808230.65796667
Geothermal,Processed Material,Midstream,Rio Grande do Norte,2,781096.0008172607
Geothermal,Processed Material,Midstream,Rio Grande do Sul,11,76009.6683823383
Geothermal,Processed Material,Midstream,Rio de Janeiro,15,117466.4587222769
Geothermal,Processed Material,Midstream,Santa Catarina,5,99604.4485872133
Geothermal,Processed Material,Midstream,Sao Paulo,22,134223.4645932955
Geothermal,Processed Material,Midstream,Sergipe,1,2838.19915961275
Geothermal,Processed Material,Midstream,NA,1,231838.376685036
Geothermal,Product Component,Downstream,Amazonas,2,240892.79267393798
Geothermal,Product Component,Downstream,Bahia,1,319.6439581125267
Geothermal,Product Component,Downstream,Ceara,3,19491.4539188208
Geothermal,Product Component,Downstream,Minas Gerais,5,52380.2215832067
Geothermal,Product Component,Downstream,Parana,9,5259.77840597317
Geothermal,Product Component,Downstream,Pernambuco,1,91587.19213744777
Geothermal,Product Component,Downstream,Rio Grande do Sul,13,70140.12493892509
Geothermal,Product Component,Downstream,Rio de Janeiro,5,125710.8041339366
Geothermal,Product Component,Downstream,Santa Catarina,12,23471.11941089111
Geothermal,Product Component,Downstream,Sao Paulo,37,75070.3800101219
Geothermal,Product Component,Midstream,Amazonas,5,14988.5850448815
Geothermal,Product Component,Midstream,Bahia,16,131966.87565096613
Geothermal,Product Component,Midstream,Ceara,4,13219.916447146705
Geothermal,Product Component,Midstream,Espirito Santo,3,272233.941038121
Geothermal,Product Component,Midstream,Federal district,2,6112.440007047695
Geothermal,Product Component,Midstream,Goias,16,138277.02794366807
Geothermal,Product Component,Midstream,Maranhao,1,181208.1600875414
Geothermal,Product Component,Midstream,Mato Grosso,6,265526.0269622875
Geothermal,Product Component,Midstream,Mato Grosso do Sul,6,514012.7640379269
Geothermal,Product Component,Midstream,Minas Gerais,14,374811.547657257
Geothermal,Product Component,Midstream,Para,4,16083.97737862873
Geothermal,Product Component,Midstream,Paraiba,1,238547.836297499
Geothermal,Product Component,Midstream,Parana,7,37832.4955535631
Geothermal,Product Component,Midstream,Pernambuco,3,408031.4281034467
Geothermal,Product Component,Midstream,Rio Grande do Norte,2,61525.099776377145
Geothermal,Product Component,Midstream,Rio Grande do Sul,10,299464.91334871843
Geothermal,Product Component,Midstream,Rio de Janeiro,22,224158.6359059536
Geothermal,Product Component,Midstream,Roraima,1,29136.6848307841
Geothermal,Product Component,Midstream,Santa Catarina,8,66124.54583688382
Geothermal,Product Component,Midstream,Sao Paulo,81,215132.22660288
Geothermal,Product Component,Midstream,Tocantins,1,1010229.2258906896
Geothermal,Product Component,Midstream,NA,3,13857.6419958481
Geothermal,Raw Material,Upstream,Bahia,1,303935.92805349064
Geothermal,Raw Material,Upstream,Minas Gerais,2,127939.59470533315
Geothermal,Raw Material,Upstream,Rio de Janeiro,2,407488.69198715605
Geothermal,Raw Material,Upstream,Santa Catarina,1,17211.3079437255
Geothermal,Raw Material,Upstream,Sao Paulo,8,102019.8719003025
Heat Pumps,Final Product,Final Product,Amazonas,2,240892.79267393798
Heat Pumps,Final Product,Final Product,Ceara,1,7413.401022995626
Heat Pumps,Final Product,Final Product,Minas Gerais,1,122.493086018159
Heat Pumps,Final Product,Final Product,Parana,3,28015.4709306466
Heat Pumps,Final Product,Final Product,Pernambuco,1,91587.19213744777
Heat Pumps,Final Product,Final Product,Rio Grande do Sul,4,40868.287838536125
Heat Pumps,Final Product,Final Product,Rio de Janeiro,1,364961.48348911124
Heat Pumps,Final Product,Final Product,Santa Catarina,1,11709.61553209958
Heat Pumps,Final Product,Final Product,Sao Paulo,4,16045.79635201078
Heat Pumps,Process Equipment,Downstream,Amazonas,1,5487.46101101411
Heat Pumps,Process Equipment,Downstream,Federal district,1,21945.7746891278
Heat Pumps,Process Equipment,Downstream,Minas Gerais,3,3435.41299985406
Heat Pumps,Process Equipment,Downstream,Parana,4,88438.95611036342
Heat Pumps,Process Equipment,Downstream,Rio Grande do Sul,1,131441.72625825158
Heat Pumps,Process Equipment,Downstream,Rio de Janeiro,1,9578.029178655874
Heat Pumps,Process Equipment,Downstream,Sao Paulo,11,54500.828506085774
Heat Pumps,Process Equipment,Midstream,Minas Gerais,1,1467.5668768951891
Heat Pumps,Process Equipment,Midstream,Rio Grande do Sul,4,83455.62521058792
Heat Pumps,Process Equipment,Midstream,Sao Paulo,3,89466.1340242443
Heat Pumps,Processed Material,Midstream,Maranhao,1,9713.28411023953
Heat Pumps,Processed Material,Midstream,Minas Gerais,2,5460502.03779793
Heat Pumps,Processed Material,Midstream,Para,2,7465508.257204284
Heat Pumps,Processed Material,Midstream,Parana,1,86069.7969506569
Heat Pumps,Processed Material,Midstream,Rio de Janeiro,1,926024.1632278808
Heat Pumps,Processed Material,Midstream,Sao Paulo,7,159584.1244477295
Heat Pumps,Product Component,Downstream,Amazonas,2,240892.79267393798
Heat Pumps,Product Component,Downstream,Ceara,1,7413.401022995626
Heat Pumps,Product Component,Downstream,Minas Gerais,1,122.493086018159
Heat Pumps,Product Component,Downstream,Parana,4,79967.13589788778
Heat Pumps,Product Component,Downstream,Pernambuco,1,91587.19213744777
Heat Pumps,Product Component,Downstream,Rio Grande do Sul,5,39213.7527024367
Heat Pumps,Product Component,Downstream,Rio de Janeiro,2,182866.52004035117
Heat Pumps,Product Component,Downstream,Santa Catarina,4,17285.46717178208
Heat Pumps,Product Component,Downstream,Sao Paulo,9,4768.99241620646
Heat Pumps,Product Component,Midstream,Amazonas,2,240892.79267393798
Heat Pumps,Product Component,Midstream,Ceara,1,7413.401022995626
Heat Pumps,Product Component,Midstream,Maranhao,1,9713.28411023953
Heat Pumps,Product Component,Midstream,Minas Gerais,3,107273.64851263458
Heat Pumps,Product Component,Midstream,Para,2,7465508.257204284
Heat Pumps,Product Component,Midstream,Parana,4,57042.63394065175
Heat Pumps,Product Component,Midstream,Pernambuco,1,91587.19213744777
Heat Pumps,Product Component,Midstream,Rio Grande do Sul,4,40868.287838536125
Heat Pumps,Product Component,Midstream,Rio de Janeiro,2,645492.8233584961
Heat Pumps,Product Component,Midstream,Santa Catarina,1,11709.61553209958
Heat Pumps,Product Component,Midstream,Sao Paulo,11,144268.481110775
Magnets,Final Product,Final Product,Amazonas,1,66263.0554804093
Magnets,Final Product,Final Product,Minas Gerais,8,25232.968519941947
Magnets,Final Product,Final Product,Parana,3,1438.68096334042
Magnets,Final Product,Final Product,Rio Grande do Sul,11,76009.6683823383
Magnets,Final Product,Final Product,Rio de Janeiro,10,73232.83753910052
Magnets,Final Product,Final Product,Santa Catarina,4,52100.94266228634
Magnets,Final Product,Final Product,Sao Paulo,15,31682.3146143665
Magnets,Final Product,Final Product,Sergipe,1,2838.19915961275
Magnets,Process Equipment,Downstream,Amazonas,1,5487.46101101411
Magnets,Process Equipment,Downstream,Ceara,1,19491.4539188208
Magnets,Process Equipment,Downstream,Federal district,1,21945.7746891278
Magnets,Process Equipment,Downstream,Minas Gerais,6,27907.81729153038
Magnets,Process Equipment,Downstream,Parana,9,6782.786522235368
Magnets,Process Equipment,Downstream,Rio Grande do Sul,8,114106.42587025117
Magnets,Process Equipment,Downstream,Rio de Janeiro,3,43430.1509237957
Magnets,Process Equipment,Downstream,Santa Catarina,7,19661.258643382676
Magnets,Process Equipment,Downstream,Sao Paulo,35,54500.828506085774
Magnets,Processed Material,Midstream,Bahia,3,303935.92805349064
Magnets,Processed Material,Midstream,Ceara,2,10410378.283101596
Magnets,Processed Material,Midstream,Maranhao,6,101367.5567452937
Magnets,Processed Material,Midstream,Minas Gerais,18,332082.4377206254
Magnets,Processed Material,Midstream,Para,2,7465508.257204284
Magnets,Processed Material,Midstream,Parana,2,44255.69371257614
Magnets,Processed Material,Midstream,Rio de Janeiro,4,481870.5304468138
Magnets,Processed Material,Midstream,Santa Catarina,1,17211.3079437255
Magnets,Processed Material,Midstream,Sao Paulo,17,240214.0671149925
Magnets,Processed Material,Midstream,NA,1,231838.376685036
Magnets,Raw Material,Upstream,Bahia,1,303935.92805349064
Magnets,Raw Material,Upstream,Minas Gerais,2,127939.59470533315
Magnets,Raw Material,Upstream,Rio de Janeiro,2,407488.69198715605
Magnets,Raw Material,Upstream,Santa Catarina,1,17211.3079437255
Magnets,Raw Material,Upstream,Sao Paulo,8,102019.8719003025
Nuclear,Final Product,Final Product,Santa Catarina,1,22861.318811464575
Nuclear,Final Product,Final Product,Sao Paulo,2,80725.48018878035
Nuclear,Process Equipment,Downstream,Ceara,1,19491.4539188208
Nuclear,Process Equipment,Downstream,Minas Gerais,1,52380.2215832067
Nuclear,Process Equipment,Downstream,Parana,5,5259.77840597317
Nuclear,Process Equipment,Downstream,Rio Grande do Sul,3,216320.960943523
Nuclear,Process Equipment,Downstream,Rio de Janeiro,1,43430.1509237957
Nuclear,Process Equipment,Downstream,Santa Catarina,7,19661.258643382676
Nuclear,Process Equipment,Downstream,Sao Paulo,15,18464.8802402264
Nuclear,Process Equipment,Midstream,Amazonas,1,171.46559818431
Nuclear,Process Equipment,Midstream,Minas Gerais,7,33210.663743726574
Nuclear,Process Equipment,Midstream,Parana,6,2307.921097293817
Nuclear,Process Equipment,Midstream,Rio Grande do Sul,1,375.862067966908
Nuclear,Process Equipment,Midstream,Rio de Janeiro,1,6773.97303981107
Nuclear,Process Equipment,Midstream,Santa Catarina,6,8830.774503551078
Nuclear,Process Equipment,Midstream,Sao Paulo,20,17358.749562726327
Nuclear,Processed Material,Midstream,Bahia,3,303935.92805349064
Nuclear,Processed Material,Midstream,Ceara,7,69533.70673902216
Nuclear,Processed Material,Midstream,Espirito Santo,1,42314.16653844383
Nuclear,Processed Material,Midstream,Maranhao,5,127199.648664767
Nuclear,Processed Material,Midstream,Minas Gerais,21,276040.2358479358
Nuclear,Processed Material,Midstream,Parana,3,22419.3137840797
Nuclear,Processed Material,Midstream,Pernambuco,1,24982.26043633858
Nuclear,Processed Material,Midstream,Rio de Janeiro,4,481870.5304468138
Nuclear,Processed Material,Midstream,Santa Catarina,2,51412.60495610305
Nuclear,Processed Material,Midstream,Sao Paulo,13,353158.815709133
Nuclear,Processed Material,Midstream,Tocantins,1,2378.338987849475
Nuclear,Processed Material,Midstream,NA,1,231838.376685036
Nuclear,Processed Material,Upstream,Bahia,1,303935.92805349064
Nuclear,Processed Material,Upstream,Minas Gerais,2,127939.59470533315
Nuclear,Processed Material,Upstream,Rio de Janeiro,2,407488.69198715605
Nuclear,Processed Material,Upstream,Santa Catarina,1,17211.3079437255
Nuclear,Processed Material,Upstream,Sao Paulo,8,102019.8719003025
Nuclear,Product Component,Downstream,Amazonas,1,9322.8252033883091
Nuclear,Product Component,Downstream,Bahia,3,303935.92805349064
Nuclear,Product Component,Downstream,Ceara,3,416234.212379057
Nuclear,Product Component,Downstream,Maranhao,6,101367.5567452937
Nuclear,Product Component,Downstream,Minas Gerais,16,332082.4377206254
Nuclear,Product Component,Downstream,Paraiba,1,5084.86458083262
Nuclear,Product Component,Downstream,Parana,1,2441.59047449537
Nuclear,Product Component,Downstream,Rio de Janeiro,6,75223.57082168065
Nuclear,Product Component,Downstream,Rondonia,1,6921.06444225337
Nuclear,Product Component,Downstream,Santa Catarina,4,20036.313377595037
Nuclear,Product Component,Downstream,Sao Paulo,18,272665.1271180964
Nuclear,Product Component,Downstream,NA,1,231838.376685036
Nuclear,Raw Material,Upstream,Bahia,1,303935.92805349064
Nuclear,Raw Material,Upstream,Minas Gerais,2,127939.59470533315
Nuclear,Raw Material,Upstream,Rio de Janeiro,2,407488.69198715605
Nuclear,Raw Material,Upstream,Santa Catarina,1,17211.3079437255
Nuclear,Raw Material,Upstream,Sao Paulo,8,102019.8719003025
Solar,Final Product,Final Product,Amazonas,2,113761.20348706399
Solar,Final Product,Final Product,Minas Gerais,7,29199.015113462476
Solar,Final Product,Final Product,Parana,3,32326.887415555866
Solar,Final Product,Final Product,Rio Grande do Sul,3,174784.6935578435
Solar,Final Product,Final Product,Rio de Janeiro,2,55153.600082960926
Solar,Final Product,Final Product,Sao Paulo,9,15107.2422435884
Solar,Process Equipment,Downstream,Amazonas,1,5487.46101101411
Solar,Process Equipment,Downstream,Ceara,1,19491.4539188208
Solar,Process Equipment,Downstream,Federal district,1,21945.7746891278
Solar,Process Equipment,Downstream,Minas Gerais,4,27907.81729153038
Solar,Process Equipment,Downstream,Parana,9,6782.786522235368
Solar,Process Equipment,Downstream,Rio Grande do Sul,4,173881.34360088728
Solar,Process Equipment,Downstream,Rio de Janeiro,2,26504.090051225787
Solar,Process Equipment,Downstream,Santa Catarina,7,19661.258643382676
Solar,Process Equipment,Downstream,Sao Paulo,26,46313.10545936866
Solar,Process Equipment,Midstream,Amazonas,1,171.46559818431
Solar,Process Equipment,Midstream,Ceara,1,19491.4539188208
Solar,Process Equipment,Midstream,Minas Gerais,15,20918.71318226597
Solar,Process Equipment,Midstream,Parana,13,5259.77840597317
Solar,Process Equipment,Midstream,Rio Grande do Sul,7,6930.583026590715
Solar,Process Equipment,Midstream,Rio de Janeiro,2,25102.061981803385
Solar,Process Equipment,Midstream,Santa Catarina,13,13546.6878713874
Solar,Process Equipment,Midstream,Sao Paulo,50,8125.57153905294
Solar,Processed Material,Midstream,Bahia,5,243048.40451327324
Solar,Processed Material,Midstream,Ceara,2,42035.58918166643
Solar,Processed Material,Midstream,Espirito Santo,1,2640361.56081939
Solar,Processed Material,Midstream,Maranhao,2,53003.18390443465
Solar,Processed Material,Midstream,Mato Grosso,1,19768.10798994605
Solar,Processed Material,Midstream,Minas Gerais,10,91792.94361242183
Solar,Processed Material,Midstream,Para,2,7465508.257204284
Solar,Processed Material,Midstream,Paraiba,1,17258.581340611323
Solar,Processed Material,Midstream,Parana,22,54556.3790697388
Solar,Processed Material,Midstream,Rio Grande do Norte,1,42970.748329591726
Solar,Processed Material,Midstream,Rio Grande do Sul,9,139787.675380393
Solar,Processed Material,Midstream,Rio de Janeiro,6,184668.31771259775
Solar,Processed Material,Midstream,Santa Catarina,1,17211.3079437255
Solar,Processed Material,Midstream,Sao Paulo,35,114546.405315199
Solar,Processed Material,Midstream,Sergipe,1,395.365994861244
Solar,Processed Material,Midstream,Tocantins,3,507646.9982417254
Solar,Product Component,Downstream,Amazonas,5,101995.97336141489
Solar,Product Component,Downstream,Ceara,3,25450.93754858
Solar,Product Component,Downstream,Espirito Santo,5,132819.0161717201
Solar,Product Component,Downstream,Goias,2,7220.707982267346
Solar,Product Component,Downstream,Maranhao,1,9713.28411023953
Solar,Product Component,Downstream,Mato Grosso,2,381922.289135922
Solar,Product Component,Downstream,Mato Grosso do Sul,1,14933.08102042574
Solar,Product Component,Downstream,Minas Gerais,17,89054.8584606509
Solar,Product Component,Downstream,Para,4,1606133.850892844
Solar,Product Component,Downstream,Parana,9,50443.85452227274
Solar,Product Component,Downstream,Pernambuco,1,75215.8340885868
Solar,Product Component,Downstream,Rio Grande do Sul,9,161300.1315048518
Solar,Product Component,Downstream,Rio de Janeiro,5,1433.33786171996
Solar,Product Component,Downstream,Santa Catarina,8,5003.08295049733
Solar,Product Component,Downstream,Sao Paulo,27,26109.299333760224
Solar,Product Component,Midstream,Amazonas,6,34280.959304295015
Solar,Product Component,Midstream,Bahia,8,68558.31502260175
Solar,Product Component,Midstream,Ceara,2,12954.869677364424
Solar,Product Component,Midstream,Federal district,1,7740.786205206736
Solar,Product Component,Midstream,Goias,2,6191.586458445869
Solar,Product Component,Midstream,Minas Gerais,8,27501.299931888807
Solar,Product Component,Midstream,Para,2,14280.120918631623
Solar,Product Component,Midstream,Parana,7,32326.887415555866
Solar,Product Component,Midstream,Pernambuco,3,408031.4281034467
Solar,Product Component,Midstream,Rio Grande do Norte,1,27331.733009957876
Solar,Product Component,Midstream,Rio Grande do Sul,5,174784.6935578435
Solar,Product Component,Midstream,Rio de Janeiro,10,140902.17893543
Solar,Product Component,Midstream,Santa Catarina,4,48604.307782073774
Solar,Product Component,Midstream,Sao Paulo,36,111357.92089535855
Solar,Product Component,Midstream,NA,2,600081.0220705541
Solar,Raw Material,Upstream,Bahia,1,303935.92805349064
Solar,Raw Material,Upstream,Minas Gerais,2,127939.59470533315
Solar,Raw Material,Upstream,Rio de Janeiro,2,407488.69198715605
Solar,Raw Material,Upstream,Santa Catarina,1,17211.3079437255
Solar,Raw Material,Upstream,Sao Paulo,8,102019.8719003025
Transmission,Final Product,Final Product,Amazonas,2,22600.84696460165
Transmission,Final Product,Final Product,Ceara,2,45175.8052091804
Transmission,Final Product,Final Product,Espirito Santo,1,255123.8193104564
Transmission,Final Product,Final Product,Goias,1,13421.4413059934
Transmission,Final Product,Final Product,Mato Grosso do Sul,1,14933.08102042574
Transmission,Final Product,Final Product,Minas Gerais,2,393464.1582316322
Transmission,Final Product,Final Product,Parana,2,56802.49428245958
Transmission,Final Product,Final Product,Pernambuco,1,75215.8340885868
Transmission,Final Product,Final Product,Rio Grande do Sul,3,94676.56117360754
Transmission,Final Product,Final Product,Santa Catarina,6,1725.84424781691
Transmission,Final Product,Final Product,Sao Paulo,11,10753.0800526267
Transmission,Process Equipment,Downstream,Amazonas,1,171.46559818431
Transmission,Process Equipment,Downstream,Ceara,1,19491.4539188208
Transmission,Process Equipment,Downstream,Espirito Santo,1,948.412073106765
Transmission,Process Equipment,Downstream,Minas Gerais,8,37362.80097337199
Transmission,Process Equipment,Downstream,Parana,11,3431.91421764943
Transmission,Process Equipment,Downstream,Rio Grande do Sul,11,66336.42452647006
Transmission,Process Equipment,Downstream,Rio de Janeiro,2,25102.061981803385
Transmission,Process Equipment,Downstream,Santa Catarina,14,16603.973257385038
Transmission,Process Equipment,Downstream,Sao Paulo,42,17232.32222819727
Transmission,Process Equipment,Midstream,Minas Gerais,1,56523.57410053682
Transmission,Processed Material,Midstream,Bahia,3,303935.92805349064
Transmission,Processed Material,Midstream,Ceara,2,10410378.283101596
Transmission,Processed Material,Midstream,Maranhao,6,101367.5567452937
Transmission,Processed Material,Midstream,Minas Gerais,18,332082.4377206254
Transmission,Processed Material,Midstream,Para,2,7465508.257204284
Transmission,Processed Material,Midstream,Parana,2,44255.69371257614
Transmission,Processed Material,Midstream,Rio de Janeiro,5,814135.6516122892
Transmission,Processed Material,Midstream,Santa Catarina,1,17211.3079437255
Transmission,Processed Material,Midstream,Sao Paulo,20,241423.38132546673
Transmission,Processed Material,Midstream,NA,1,231838.376685036
Transmission,Product Component,Downstream,Amazonas,1,5487.46101101411
Transmission,Product Component,Downstream,Federal district,1,21945.7746891278
Transmission,Product Component,Downstream,Minas Gerais,3,3435.41299985406
Transmission,Product Component,Downstream,Parana,4,88438.95611036342
Transmission,Product Component,Downstream,Rio Grande do Sul,1,131441.72625825158
Transmission,Product Component,Downstream,Rio de Janeiro,1,9578.029178655874
Transmission,Product Component,Downstream,Sao Paulo,11,54500.828506085774
Transmission,Raw Material,Upstream,Bahia,1,303935.92805349064
Transmission,Raw Material,Upstream,Minas Gerais,2,127939.59470533315
Transmission,Raw Material,Upstream,Rio de Janeiro,2,407488.69198715605
Transmission,Raw Material,Upstream,Santa Catarina,1,17211.3079437255
Transmission,Raw Material,Upstream,Sao Paulo,8,102019.8719003025
Wind,Final Product,Final Product,Ceara,1,416234.212379057
Wind,Final Product,Final Product,Rio de Janeiro,1,482.925871408387
Wind,Final Product,Final Product,Santa Catarina,1,153769.145548212
Wind,Final Product,Final Product,Sao Paulo,3,305116.18712120026
Wind,Process Equipment,Downstream,Amazonas,2,2829.4633045992105
Wind,Process Equipment,Downstream,Espirito Santo,1,948.412073106765
Wind,Process Equipment,Downstream,Federal district,2,12532.594164799531
Wind,Process Equipment,Downstream,Minas Gerais,16,21688.267720578697
Wind,Process Equipment,Downstream,Parana,14,37177.06254899225
Wind,Process Equipment,Downstream,Rio Grande do Sul,13,66336.42452647006
Wind,Process Equipment,Downstream,Rio de Janeiro,3,6773.97303981107
Wind,Process Equipment,Downstream,Santa Catarina,9,13546.6878713874
Wind,Process Equipment,Downstream,Sao Paulo,51,11626.5692533003
Wind,Process Equipment,Midstream,Amazonas,2,2829.4633045992105
Wind,Process Equipment,Midstream,Federal district,1,21945.7746891278
Wind,Process Equipment,Midstream,Minas Gerais,9,22457.82225889142
Wind,Process Equipment,Midstream,Parana,10,6112.01748690314
Wind,Process Equipment,Midstream,Rio Grande do Sul,2,65908.79416310924
Wind,Process Equipment,Midstream,Rio de Janeiro,2,8176.001109233472
Wind,Process Equipment,Midstream,Santa Catarina,6,8830.774503551078
Wind,Process Equipment,Midstream,Sao Paulo,31,23634.8092335266
Wind,Processed Material,Midstream,Bahia,12,402073.20029653085
Wind,Processed Material,Midstream,Ceara,7,69533.70673902216
Wind,Processed Material,Midstream,Espirito Santo,1,42314.16653844383
Wind,Processed Material,Midstream,Goias,2,45045.22769380055
Wind,Processed Material,Midstream,Maranhao,6,101367.5567452937
Wind,Processed Material,Midstream,Minas Gerais,28,198264.01352609298
Wind,Processed Material,Midstream,Para,3,3097885.478741208
Wind,Processed Material,Midstream,Paraiba,1,17258.581340611323
Wind,Processed Material,Midstream,Parana,10,27257.10437793599
Wind,Processed Material,Midstream,Pernambuco,2,1088361.2587678884
Wind,Processed Material,Midstream,Rio Grande do Norte,1,42970.748329591726
Wind,Processed Material,Midstream,Rio Grande do Sul,11,96771.12548225075
Wind,Processed Material,Midstream,Rio de Janeiro,7,149605.40928133842
Wind,Processed Material,Midstream,Santa Catarina,3,18045.4409322843
Wind,Processed Material,Midstream,Sao Paulo,58,108363.865479353
Wind,Processed Material,Midstream,Tocantins,1,2378.338987849475
Wind,Processed Material,Midstream,NA,4,369980.7206908955
Wind,Product Component,Downstream,Amazonas,4,44882.3698434051
Wind,Product Component,Downstream,Ceara,4,55588.8002234052
Wind,Product Component,Downstream,Espirito Santo,5,132819.0161717201
Wind,Product Component,Downstream,Goias,3,1019.9746585412935
Wind,Product Component,Downstream,Mato Grosso,2,381922.289135922
Wind,Product Component,Downstream,Mato Grosso do Sul,1,14933.08102042574
Wind,Product Component,Downstream,Minas Gerais,19,99772.48416450544
Wind,Product Component,Downstream,Para,2,71945.75992305533
Wind,Product Component,Downstream,Parana,21,102591.70997586731
Wind,Product Component,Downstream,Pernambuco,1,75215.8340885868
Wind,Product Component,Downstream,Rio Grande do Sul,22,84269.42529358505
Wind,Product Component,Downstream,Rio de Janeiro,17,61846.202087526
Wind,Product Component,Downstream,Santa Catarina,20,33830.46181988405
Wind,Product Component,Downstream,Sao Paulo,79,52923.83574603365
Wind,Product Component,Downstream,Sergipe,1,2838.19915961275
Wind,Product Component,Midstream,Amazonas,4,22600.84696460165
Wind,Product Component,Midstream,Bahia,3,167863.41368057724
Wind,Product Component,Midstream,Ceara,7,19491.4539188208
Wind,Product Component,Midstream,Espirito Santo,2,263678.8801742887
Wind,Product Component,Midstream,Federal district,2,12532.594164799531
Wind,Product Component,Midstream,Goias,3,15442.0467679422
Wind,Product Component,Midstream,Maranhao,1,9713.28411023953
Wind,Product Component,Midstream,Mato Grosso do Sul,1,14933.08102042574
Wind,Product Component,Midstream,Minas Gerais,31,52380.2215832067
Wind,Product Component,Midstream,Para,3,3097885.478741208
Wind,Product Component,Midstream,Parana,38,74160.3485445746
Wind,Product Component,Midstream,Pernambuco,1,75215.8340885868
Wind,Product Component,Midstream,Rio Grande do Sul,35,94676.56117360754
Wind,Product Component,Midstream,Rio de Janeiro,23,84619.47299067504
Wind,Product Component,Midstream,Santa Catarina,29,22742.9841071457
Wind,Product Component,Midstream,Sao Paulo,142,54604.21671779416
Wind,Product Component,Midstream,Sergipe,1,2838.19915961275
Wind,Product Component,Midstream,NA,2,257510.00843599453
