"tech","code","label","role","stage"
"Solar","281820","Alumina","Processed Material","Midstream"
"Solar","760310","Cell; Powders of Non-lamellar Structure, of Aluminum","Processed Material","Midstream"
"Solar","710692","Cell; Silver in Semi-manufactured Forms","Processed Material","Midstream"
"Solar","390730","Epoxide Resins as Potting Agent","Processed Material","Midstream"
"Solar","280469","Ingot; Hydrochloric Acid","Processed Material","Midstream"
"Solar","280461","Polysilicon","Processed Material","Midstream"
"Solar","390130","Solar Glass; Ethylene Polymers for EVA Sheets","Processed Material","Midstream"
"Solar","390469","Solar Glass; Fluoro-polymers for Back Sheets","Processed Material","Midstream"
"Solar","700510","Solar Glass; Glass Sheet Casing (Float Absorbent)","Processed Material","Midstream"
"Solar","700529","Solar Glass; Glass Sheet Casing (Float)","Processed Material","Midstream"
"Solar","700719","Solar Glass; Glass Sheet Casing (Toughened)","Processed Material","Midstream"
"Solar","390761","Solar Glass; Polyethylene Terephthalate (PET) for Back Sheets","Processed Material","Midstream"
"Solar","392062","Solar Glass; Polyethylene Terephthalate (PET) for Back Sheets","Processed Material","Midstream"
"Solar","392010","Solar Glass; Polymers of Ethylene for EVA Sheets","Processed Material","Midstream"
"Solar","392030","Solar Glass; Polymers of Styrene for EVA Sheets","Processed Material","Midstream"
"Solar","281410","Solar Miscellaneous; Ammonia for PECVD","Processed Material","Midstream"
"Solar","320890","Solar Miscellaneous; Antireflective Coating","Processed Material","Midstream"
"Solar","350610","Solar Miscellaneous; Silver Conductive Adhesive Paste","Processed Material","Midstream"
"Solar","260300","Copper Ore","Raw Material","Upstream"
"Solar","811292","Indium","Raw Material","Upstream"
"Solar","251910","Magnesium Ore","Raw Material","Upstream"
"Solar","260400","Nickel Ore","Raw Material","Upstream"
"Solar","280490","Selenium","Raw Material","Upstream"
"Solar","250510","Silica","Raw Material","Upstream"
"Solar","261610","Silver Ore","Raw Material","Upstream"
"Solar","260600","Solar Miscellaneous; Materials for Aluminum Coating","Raw Material","Upstream"
"Solar","280450","Tellurium","Raw Material","Upstream"
"Solar","260900","Tin Ore","Raw Material","Upstream"
"Nuclear","722790","Control Rods; Boron Steel","Processed Material","Midstream"
"Nuclear","282520","Coolant; Lithium Hydroxide","Processed Material","Midstream"
"Nuclear","810990","Fuel Cladding; Zirconium","Processed Material","Midstream"
"Nuclear","681099","Hafnium; Control Rods","Processed Material","Midstream"
"Nuclear","380110","Neutron Moderator; Artificial Graphite","Processed Material","Midstream"
"Nuclear","282611","Neutron Moderator; Fluorides","Processed Material","Midstream"
"Nuclear","284410","Nuclear Fuel; UF6","Processed Material","Midstream"
"Nuclear","720270","Steel Input; Ferro-molybdenum","Processed Material","Midstream"
"Nuclear","720260","Steel Input; Ferro-nickel","Processed Material","Midstream"
"Nuclear","281290","Sulfur Hexafluoride","Processed Material","Midstream"
"Nuclear","281000","Boric Acid","Processed Material","Upstream"
"Nuclear","261000","Chromium Ore","Raw Material","Upstream"
"Nuclear","260300","Copper Ore","Raw Material","Upstream"
"Nuclear","260120","Iron (Roasted Iron Pyrites)","Raw Material","Upstream"
"Nuclear","260112","Iron Ore (Agglomerated)","Raw Material","Upstream"
"Nuclear","260111","Iron Ore (Non- Agglomerated)","Raw Material","Upstream"
"Nuclear","260700","Lead Ore","Raw Material","Upstream"
"Nuclear","260200","Manganese Ore","Raw Material","Upstream"
"Nuclear","261390","Molybdenum Ore","Raw Material","Upstream"
"Nuclear","252890","Natural Borates, Natural Boric Acid (<85%)","Raw Material","Upstream"
"Nuclear","250410","Natural Graphite","Raw Material","Upstream"
"Nuclear","260400","Nickel Ore","Raw Material","Upstream"
"Nuclear","261210","Uranium Ore","Raw Material","Upstream"
"Nuclear","261510","Zirconium Ore","Raw Material","Upstream"
"Batteries","380110","AAM; Artificial Graphite","Processed Material","Midstream"
"Batteries","380190","AAM; Spheroidized Graphite","Processed Material","Midstream"
"Batteries","283329","CAM Cobalt Sulfate","Processed Material","Midstream"
"Batteries","283699","CAM; Cobalt Carbonate","Processed Material","Midstream"
"Batteries","282200","CAM; Electrolytic Cobalt, LCO (Lithium Cobalt Oxide)","Processed Material","Midstream"
"Batteries","282510","CAM; Inorganic Salts","Processed Material","Midstream"
"Batteries","810520","CAM; Intermediate Products, Smelted by Cobalt Hydrometallurgy","Processed Material","Midstream"
"Batteries","283529","CAM; LFP (Lithium Iron Phosphate)","Processed Material","Midstream"
"Batteries","283691","CAM; Lithium Carbonate","Processed Material","Midstream"
"Batteries","282520","CAM; Lithium Hydroxide","Processed Material","Midstream"
"Batteries","282010","CAM; Manganese Dioxide","Processed Material","Midstream"
"Batteries","282090","CAM; Manganese Oxides","Processed Material","Midstream"
"Batteries","811100","CAM; Manganese Powder","Processed Material","Midstream"
"Batteries","750120","CAM; Mn Ores and Concentrates, incl Fe Mn Ores and Concentrates with Mn Weighing≥20%","Processed Material","Midstream"
"Batteries","282540","CAM; NMC (Nickel Manganese Cobalt Oxide)","Processed Material","Midstream"
"Batteries","750110","CAM; Ni Mattes","Processed Material","Midstream"
"Batteries","285390","CAM; Nickel Cobalt Manganese Composite Hydroxide","Processed Material","Midstream"
"Batteries","283324","CAM; Nickel Sulfate","Processed Material","Midstream"
"Batteries","281820","Current Collector; Alumina","Processed Material","Midstream"
"Batteries","282690","Electrolyte; Lithium HexafluoroPhosphate","Processed Material","Midstream"
"Batteries","284290","Lithium Cathode Pre Cursor (LFP, NMC, NCA)","Processed Material","Midstream"
"Batteries","282619","Materials Battery Chemistry; Fluorides of metals","Processed Material","Midstream"
"Batteries","390760","Separator; Polyethylene","Processed Material","Midstream"
"Batteries","392010","Separator; Polymers of Ethylene, Non-Cellular","Processed Material","Midstream"
"Batteries","392020","Separator; Polymers of Propylene, Non-Cellular","Processed Material","Midstream"
"Batteries","390210","Separator; Polypropylene","Processed Material","Midstream"
"Batteries","391000","Separator; Silicone","Processed Material","Midstream"
"Batteries","250410","AAM; Natural Graphite","Raw Material","Upstream"
"Batteries","260600","Bauxite Ore","Raw Material","Upstream"
"Batteries","260500","Cobalt Ore","Raw Material","Upstream"
"Batteries","260300","Copper Ore","Raw Material","Upstream"
"Batteries","290121","Ethylene","Raw Material","Upstream"
"Batteries","260120","Iron (Roasted Iron Pyrites)","Raw Material","Upstream"
"Batteries","260112","Iron Ore (Agglomerated)","Raw Material","Upstream"
"Batteries","260111","Iron Ore (Non- Agglomerated)","Raw Material","Upstream"
"Batteries","280519","Lithium","Raw Material","Upstream"
"Batteries","260200","Manganese Ore","Raw Material","Upstream"
"Batteries","260400","Nickel Ore","Raw Material","Upstream"
"Batteries","251020","Phosphate Ore","Raw Material","Upstream"
"Batteries","290122","Propylene","Raw Material","Upstream"
"Transmission","281820","Alumina","Processed Material","Midstream"
"Transmission","760521","Aluminum wire","Processed Material","Midstream"
"Transmission","740110","Copper Mattes","Processed Material","Midstream"
"Transmission","740811","Copper Wire","Processed Material","Midstream"
"Transmission","722611","Silicon Electric Steel","Processed Material","Midstream"
"Transmission","281290","Sulfur Hexafluoride","Processed Material","Midstream"
"Transmission","260600","Bauxite Ore","Raw Material","Upstream"
"Transmission","260300","Copper Ore","Raw Material","Upstream"
"Transmission","260120","Iron (Roasted Iron Pyrites)","Raw Material","Upstream"
"Transmission","260112","Iron Ore (Agglomerated)","Raw Material","Upstream"
"Transmission","260111","Iron Ore (Non- Agglomerated)","Raw Material","Upstream"
"Wind","281820","Alumina","Processed Material","Midstream"
"Wind","740110","Copper Mattes","Processed Material","Midstream"
"Wind","854411","Nacelle; Copper Wire for Use in Nacelle","Processed Material","Midstream"
"Wind","280530","Rare Earth Metals","Processed Material","Midstream"
"Wind","350691","Rotor; Adhesive for Use in Rotor","Processed Material","Midstream"
"Wind","681599","Rotor; Materials for Use in Rotor","Processed Material","Midstream"
"Wind","681511","Rotor; Materials for Use in Rotor (Carbon Fibre)","Processed Material","Midstream"
"Wind","390791","Rotor; Materials for Use in Rotor (Polyester)","Processed Material","Midstream"
"Wind","820900","Rotor; Materials for Use in Rotor (Sintered Metal)","Processed Material","Midstream"
"Wind","401699","Tower: Vulcanised Rubber Articles for Cable Accessory & Joints","Processed Material","Midstream"
"Wind","392590","Tower; Cable Trays, Tracks, Clamps, and Supports to Protect Electrical Items","Processed Material","Midstream"
"Wind","390110","Tower; Ethylene Polymers for Use in Tower Cable Cores","Processed Material","Midstream"
"Wind","290949","Tower; Industrial Alcohols for Use in Tower","Processed Material","Midstream"
"Wind","392690","Tower; Plastic Articles for Cable Core in Tower","Processed Material","Midstream"
"Wind","390210","Tower; Polypropylene for Use in Tower Cable Outer Casing","Processed Material","Midstream"
"Wind","730110","Tower; Sheets Iron & Steel","Processed Material","Midstream"
"Wind","760110","Tower; Unwrought Aluminium for Use in Tower","Processed Material","Midstream"
"Wind","391732","Wind Turbine Joints (Flexible Plastic)","Processed Material","Midstream"
"Wind","391729","Wind Turbine Joints (Other Rigid)","Processed Material","Midstream"
"Wind","391721","Wind Turbine Joints Ethylene","Processed Material","Midstream"
"Wind","391722","Wind Turbine Joints Propylene","Processed Material","Midstream"
"Wind","391723","Wind Turbine Joints Vinyl Chloride","Processed Material","Midstream"
"Wind","790111","Zinc (Refined) 99% Pure","Processed Material","Midstream"
"Wind","260600","Bauxite Ore","Raw Material","Upstream"
"Wind","261000","Chromium Ore","Raw Material","Upstream"
"Wind","260300","Copper Ore","Raw Material","Upstream"
"Wind","260200","Manganese Ore","Raw Material","Upstream"
"Wind","261390","Molybdenum Ore","Raw Material","Upstream"
"Wind","261310","Molybdenum Ore (Roasted)","Raw Material","Upstream"
"Wind","260400","Nickel Ore","Raw Material","Upstream"
"Wind","261400","Titanium Ore","Raw Material","Upstream"
"Wind","260800","Zinc Ore","Raw Material","Upstream"
"Biofuel","281820","Alumina Catalyst","Processed Material","Midstream"
"Biofuel","381590","Aluminosilicates","Processed Material","Midstream"
"Biofuel","380210","CO2 Reduction (Gas); Activated Carbon","Processed Material","Midstream"
"Biofuel","681510","CO2 Reduction (Gas); Carbon Nanotubes","Processed Material","Midstream"
"Biofuel","281122","CO2 Reduction (Gas); Silica Gels","Processed Material","Midstream"
"Biofuel","283650","CO2 Reduction (Liquid); CACO3 Pellets","Processed Material","Midstream"
"Biofuel","284210","Catalyst HZSM-5 Zeolite","Processed Material","Midstream"
"Biofuel","293290","Catalyst Heteropolyacid","Processed Material","Midstream"
"Biofuel","281830","Catalyst Input; Aluminum Hydroxide","Processed Material","Midstream"
"Biofuel","282200","Catalyst Input; Cobalt Oxide, Hydroxide","Processed Material","Midstream"
"Biofuel","282570","Catalyst Input; Molybdenum Oxide, Dioxide","Processed Material","Midstream"
"Biofuel","283324","Catalyst Input; Nickel Sulfate","Processed Material","Midstream"
"Biofuel","711041","Catalyst Input; Ruthenium","Processed Material","Midstream"
"Biofuel","282300","Catalyst Input; Titanium Oxides","Processed Material","Midstream"
"Biofuel","282560","Catalyst Input; Zirconium Dioxide","Processed Material","Midstream"
"Biofuel","690220","Catalyst; Al2O3","Processed Material","Midstream"
"Biofuel","291814","Deodorization; Citric Acid","Processed Material","Midstream"
"Biofuel","290514","Intermediate Input; Butanol","Processed Material","Midstream"
"Biofuel","290121","Intermediate Input; Ethylene","Processed Material","Midstream"
"Biofuel","290511","Intermediate Input; Methanol","Processed Material","Midstream"
"Biofuel","281511","Neutralization/deacidification; Sodium Hydroxide (Lye)","Processed Material","Midstream"
"Biofuel","381511","Ni-Catalyst","Processed Material","Midstream"
"Biofuel","711021","Palladium Powder","Processed Material","Midstream"
"Biofuel","381512","Platinum Group Metal Catalyst","Processed Material","Midstream"
"Biofuel","711011","Platinum Powder","Processed Material","Midstream"
"Biofuel","810110","Tungsten Powder","Processed Material","Midstream"
"Biofuel","381519","Various Catalysts; Ti-Catalyst, Co-Mo Catalyst, Zi-Catalyst","Processed Material","Midstream"
"Biofuel","260600","Aluminum Ore (Bauxite)","Raw Material","Upstream"
"Biofuel","252220","CO2 Reduction (Liquid); Slaking Lime","Raw Material","Upstream"
"Biofuel","260500","Cobalt Ore","Raw Material","Upstream"
"Biofuel","151521","Feedstock Input: Corn Oil","Raw Material","Upstream"
"Biofuel","151529","Feedstock Input: Corn Oil","Raw Material","Upstream"
"Biofuel","121300","Feedstock Input; Ag-Waste","Raw Material","Upstream"
"Biofuel","440110","Feedstock Input; Forestry Product","Raw Material","Upstream"
"Biofuel","440121","Feedstock Input; Forestry Product","Raw Material","Upstream"
"Biofuel","440122","Feedstock Input; Forestry Product","Raw Material","Upstream"
"Biofuel","151000","Feedstock Input; Other Virgin Oil","Raw Material","Upstream"
"Biofuel","151329","Feedstock Input; Palm Oil","Raw Material","Upstream"
"Biofuel","151490","Feedstock Input; Rapeseed Oil","Raw Material","Upstream"
"Biofuel","150790","Feedstock Input; Soybean Oil","Raw Material","Upstream"
"Biofuel","121292","Feedstock Input; Sugar Cane","Raw Material","Upstream"
"Biofuel","151610","Feedstock Input; Tallow","Raw Material","Upstream"
"Biofuel","440130","Feedstock Input; Wood Waste","Raw Material","Upstream"
"Biofuel","281121","Fuel Input; CO2","Raw Material","Upstream"
"Biofuel","280410","Fuel Input; Hydrogen","Raw Material","Upstream"
"Biofuel","261310","Molybdenum Ore","Raw Material","Upstream"
"Biofuel","260400","Nickel Ore","Raw Material","Upstream"
"Biofuel","261400","Titanium Ore","Raw Material","Upstream"
"Biofuel","261100","Tungsten Ore","Raw Material","Upstream"
"Biofuel","261510","Zirconium Ore","Raw Material","Upstream"
"Electrolyzers","284330","Bi-Polar Plate; Gold","Processed Material","Midstream"
"Electrolyzers","282200","Catalyst; Cobalt Oxide / Hydroxides","Processed Material","Midstream"
"Electrolyzers","711041","Catalyst; Iridium","Processed Material","Midstream"
"Electrolyzers","810210","Catalyst; Molybdenum","Processed Material","Midstream"
"Electrolyzers","283324","Catalyst; Nickel Sulfate","Processed Material","Midstream"
"Electrolyzers","711021","Catalyst; Palladium","Processed Material","Midstream"
"Electrolyzers","711011","Catalyst; Platinum","Processed Material","Midstream"
"Electrolyzers","810110","Catalyst; Tungsten","Processed Material","Midstream"
"Electrolyzers","283699","Cobalt Carbonate","Processed Material","Midstream"
"Electrolyzers","283329","Cobalt Sulfate","Processed Material","Midstream"
"Electrolyzers","390130","Diaphragm; Ethylene Polymer","Processed Material","Midstream"
"Electrolyzers","390190","Diaphragm; Ethylene Polymer","Processed Material","Midstream"
"Electrolyzers","390230","Diaphragm; Propylene Polymer","Processed Material","Midstream"
"Electrolyzers","390290","Diaphragm; Propylene Polymer","Processed Material","Midstream"
"Electrolyzers","282300","Diffusion Layer; Titanium Oxide","Processed Material","Midstream"
"Electrolyzers","400270","Gasket; Ethylene Propylene Diene Rubber (EPDM)","Processed Material","Midstream"
"Electrolyzers","391000","Gasket; Silicone","Processed Material","Midstream"
"Electrolyzers","260500","Cobalt Ore","Raw Material","Upstream"
"Electrolyzers","261390","Molybdenum Ore","Raw Material","Upstream"
"Electrolyzers","261310","Molybdenum Ore (Roasted)","Raw Material","Upstream"
"Electrolyzers","260400","Nickel Ore","Raw Material","Upstream"
"Electrolyzers","261400","Titanium Ore","Raw Material","Upstream"
"Electrolyzers","261100","Tungsten Ore","Raw Material","Upstream"
"Geothermal","720610","Casing; Carbon Steel","Processed Material","Midstream"
"Geothermal","720249","Casing; Ferro-chromium","Processed Material","Midstream"
"Geothermal","720230","Casing; Ferro-manganese","Processed Material","Midstream"
"Geothermal","720270","Casing; Ferro-molybdenum","Processed Material","Midstream"
"Geothermal","720260","Casing; Ferro-nickel","Processed Material","Midstream"
"Geothermal","720291","Casing; Ferro-titanium","Processed Material","Midstream"
"Geothermal","722490","Casing; Semi-finished Products of Alloy Steel","Processed Material","Midstream"
"Geothermal","722410","Casing; Steel Alloy Ignot (Not Stainless)","Processed Material","Midstream"
"Geothermal","710510","Diamond Powder","Processed Material","Midstream"
"Geothermal","252330","Geothermal Wells; Cement","Processed Material","Midstream"
"Geothermal","710229","Industrial Diamonds","Processed Material","Midstream"
"Geothermal","400249","Mud Hose; Chloroprene rubber","Processed Material","Midstream"
"Geothermal","400259","Mud Hose; Nitrile Rubber","Processed Material","Midstream"
"Geothermal","732620","Mud Hose; Steel Wire","Processed Material","Midstream"
"Geothermal","260600","Aluminum Ore","Raw Material","Upstream"
"Geothermal","261000","Chromium Ore","Raw Material","Upstream"
"Geothermal","260300","Copper Ore","Raw Material","Upstream"
"Geothermal","250810","Drilling Fluid; Bentonite","Raw Material","Upstream"
"Geothermal","283620","Drilling Fluid; Sodium Carbonate","Raw Material","Upstream"
"Geothermal","260120","Iron (Roasted Iron Pyrites)","Raw Material","Upstream"
"Geothermal","260112","Iron Ore (Agglomerated)","Raw Material","Upstream"
"Geothermal","260111","Iron Ore (Non- Agglomerated)","Raw Material","Upstream"
"Geothermal","252100","Limestone","Raw Material","Upstream"
"Geothermal","260200","Manganese Ore","Raw Material","Upstream"
"Geothermal","252520","Mica","Raw Material","Upstream"
"Geothermal","261390","Molybdenum Ore","Raw Material","Upstream"
"Geothermal","260400","Nickel Ore","Raw Material","Upstream"
"Geothermal","261400","Titanium Ore","Raw Material","Upstream"
"Heat Pumps","760120","Alloyed Unwrought Aluminum","Processed Material","Midstream"
"Heat Pumps","281820","Alumina","Processed Material","Midstream"
"Heat Pumps","740313","Copper Billets Unwrought; Copper Tubing","Processed Material","Midstream"
"Heat Pumps","740110","Copper Mattes","Processed Material","Midstream"
"Heat Pumps","260600","Bauxite Ore","Raw Material","Upstream"
"Heat Pumps","260300","Copper Ore","Raw Material","Upstream"
"Heat Pumps","251910","Magnesium Ore","Raw Material","Upstream"
"Heat Pumps","261390","Molybdenum Ore","Raw Material","Upstream"
"Heat Pumps","260400","Nickel Ore","Raw Material","Upstream"
"Magnets","760120","Aluminum Unwrought; Alloyed","Processed Material","Midstream"
"Magnets","284690","Compounds, Mixes of Rare-earths, Yttrium, Scandium","Processed Material","Midstream"
"Magnets","720293","Ferro-niobium","Processed Material","Midstream"
"Magnets","283324","Nickel Sulfates","Processed Material","Midstream"
"Magnets","280530","Rare-earth Metals, Scandium and Yttrium","Processed Material","Midstream"
"Magnets","260600","Bauxite Ore","Raw Material","Upstream"
"Magnets","260300","Copper Ore and Concentrate","Raw Material","Upstream"
"Magnets","260400","Nickel Ores and Concentrates","Raw Material","Upstream"
"Magnets","261590","Niobium, Tantalum and Vanadium Ores and Concentrates","Raw Material","Upstream"
"Magnets","260120","Roasted Iron Pyrite","Raw Material","Upstream"
