year,tech,role,stage,exports,imports,balance
1995,Batteries,Raw Material,Upstream,3496551.9439999997,352936.52700000006,3143615.4169999994
1995,Batteries,Processed Material,Midstream,215442.58200000005,445080.596,-229638.01399999997
1995,Batteries,Product Component,Midstream,52058.64766666668,47309.46800000001,4749.1796666666705
1995,Batteries,Process Equipment,Downstream,70126.0668333333,806798.9056666655,-736672.8388333322
1995,Batteries,Process Equipment,Midstream,8734.60416666667,98619.03333333331,-89884.42916666664
1995,Batteries,Product Component,Downstream,689.8743333333333,3006.129,-2316.2546666666667
1995,Batteries,Final Product,Final Product,53.9955,4294.5725,-4240.577
1996,Batteries,Raw Material,Upstream,3534276.3189999987,74754.49600000001,3459521.822999999
1996,Batteries,Processed Material,Midstream,186034.93899999993,214003.66699999996,-27968.728000000032
1996,Batteries,Product Component,Midstream,50193.95733333335,141129.25033333336,-90935.293
1996,Batteries,Process Equipment,Downstream,49784.841333333214,771101.7498333333,-721316.9085000001
1996,Batteries,Process Equipment,Midstream,9153.473666666667,59150.536166666665,-49997.0625
1996,Batteries,Product Component,Downstream,234.81966666666665,2237.0036666666665,-2002.1839999999997
1996,Batteries,Final Product,Final Product,0,1880.4650000000001,-1880.4650000000001
1997,Batteries,Process Equipment,Downstream,102941.37283333331,1494480.407000001,-1391539.0341666678
1997,Batteries,Processed Material,Midstream,270258.338,369067.789,-98809.451
1997,Batteries,Process Equipment,Midstream,26595.03316666666,146670.19800000003,-120075.16483333337
1997,Batteries,Raw Material,Upstream,3627139.72,311034.54899999994,3316105.171
1997,Batteries,Product Component,Midstream,105714.19899999996,203513.29700000002,-97799.09800000006
1997,Batteries,Product Component,Downstream,658.7339999999999,4233.764,-3575.03
1997,Batteries,Final Product,Final Product,86.624,8022.856000000001,-7936.232000000001
1998,Batteries,Processed Material,Midstream,300263.07399999985,354624.597,-54361.52300000016
1998,Batteries,Raw Material,Upstream,3870353.9369999985,179429.801,3690924.1359999985
1998,Batteries,Product Component,Midstream,86754.71233333331,195770.1703333333,-109015.458
1998,Batteries,Process Equipment,Downstream,77436.14716666663,1263447.9944999996,-1186011.847333333
1998,Batteries,Process Equipment,Midstream,33001.00483333333,135257.6515,-102256.64666666667
1998,Batteries,Product Component,Downstream,431.08166666666665,5586.916666666667,-5155.835
1998,Batteries,Final Product,Final Product,0,19278.4675,-19278.4675
1999,Batteries,Process Equipment,Downstream,67254.3226666668,1024332.2685000002,-957077.9458333334
1999,Batteries,Raw Material,Upstream,3356035.231000001,235755.039,3120280.192000001
1999,Batteries,Processed Material,Midstream,345925.0530000001,356333.996,-10408.942999999912
1999,Batteries,Product Component,Midstream,70823.70633333332,180026.69866666663,-109202.99233333331
1999,Batteries,Process Equipment,Midstream,15998.628333333334,88051.2745,-72052.64616666667
1999,Batteries,Product Component,Downstream,449.0926666666666,6472.4563333333335,-6023.363666666667
1999,Batteries,Final Product,Final Product,91.211,27397.052999999996,-27305.841999999997
2000,Batteries,Process Equipment,Downstream,66440.5258333334,931241.5528333334,-864801.027
2000,Batteries,Raw Material,Upstream,3924106.6209999984,280587.503,3643519.1179999984
2000,Batteries,Processed Material,Midstream,468188.852,389713.97899999993,78474.87300000008
2000,Batteries,Product Component,Midstream,99577.70966666663,196801.46333333338,-97223.75366666674
2000,Batteries,Process Equipment,Midstream,8815.235166666665,78370.26816666666,-69555.033
2000,Batteries,Product Component,Downstream,1069.1663333333333,6792.558666666666,-5723.392333333332
2000,Batteries,Final Product,Final Product,1708.5255,42086.490999999995,-40377.96549999999
2001,Batteries,Product Component,Midstream,104719.08833333333,203861.16199999995,-99142.07366666662
2001,Batteries,Process Equipment,Downstream,85057.70499999986,984480.5333333323,-899422.8283333324
2001,Batteries,Raw Material,Upstream,3824803.4550000005,248626.64400000003,3576176.8110000007
2001,Batteries,Processed Material,Midstream,401976.5930000001,428059.30500000005,-26082.71199999994
2001,Batteries,Process Equipment,Midstream,10686.390000000003,90463.89366666667,-79777.50366666667
2001,Batteries,Final Product,Final Product,3539.3625,28280.255,-24740.8925
2001,Batteries,Product Component,Downstream,659.6136666666666,7129.749,-6470.135333333334
2002,Batteries,Product Component,Midstream,84972.69866666666,202554.54800000004,-117581.84933333338
2002,Batteries,Process Equipment,Downstream,77150.78433333342,781719.3363333328,-704568.5519999994
2002,Batteries,Raw Material,Upstream,3793653.6470000017,216010.81199999998,3577642.835000002
2002,Batteries,Processed Material,Midstream,360467.44800000015,345701.628,14765.820000000123
2002,Batteries,Process Equipment,Midstream,9136.942666666668,72444.33966666667,-63307.397
2002,Batteries,Final Product,Final Product,882.426,25920.548499999997,-25038.122499999998
2002,Batteries,Product Component,Downstream,685.9203333333334,4003.991,-3318.0706666666665
2003,Batteries,Raw Material,Upstream,4416720.410000001,244580.65399999998,4172139.756000001
2003,Batteries,Processed Material,Midstream,575727.752,349701.05000000005,226026.70199999993
2003,Batteries,Product Component,Midstream,110544.45933333333,202807.6496666667,-92263.19033333336
2003,Batteries,Process Equipment,Downstream,109314.23716666683,595906.8820000001,-486592.64483333327
2003,Batteries,Process Equipment,Midstream,20546.076833333333,83843.31400000001,-63297.23716666668
2003,Batteries,Final Product,Final Product,554.213,35624.774,-35070.560999999994
2003,Batteries,Product Component,Downstream,505.38666666666666,5141.448333333333,-4636.0616666666665
2004,Batteries,Raw Material,Upstream,6803345.237000002,529545.663,6273799.574000002
2004,Batteries,Product Component,Midstream,163630.06166666668,343334.68433333334,-179704.62266666666
2004,Batteries,Process Equipment,Downstream,316711.2480000003,785180.2996666664,-468469.0516666661
2004,Batteries,Processed Material,Midstream,811847.0429999996,441072.98399999994,370774.05899999966
2004,Batteries,Process Equipment,Midstream,18908.188000000002,59884.039333333334,-40975.85133333333
2004,Batteries,Final Product,Final Product,1285.051,70032.163,-68747.112
2004,Batteries,Product Component,Downstream,1391.5003333333334,5890.820666666666,-4499.320333333332
2005,Batteries,Raw Material,Upstream,10097210.834,525804.7099999998,9571406.124000002
2005,Batteries,Product Component,Midstream,182919.53100000005,338818.81033333344,-155899.2793333334
2005,Batteries,Processed Material,Midstream,1067358.7160000007,589518.103,477840.6130000007
2005,Batteries,Process Equipment,Downstream,250310.41383333266,933866.6733333329,-683556.2595000002
2005,Batteries,Process Equipment,Midstream,28509.05116666666,94875.32866666668,-66366.27750000003
2005,Batteries,Final Product,Final Product,3921.2195,71443.276,-67522.05649999999
2005,Batteries,Product Component,Downstream,2581.6369999999993,7189.146666666666,-4607.509666666667
2006,Batteries,Processed Material,Midstream,1663053.1229999997,654749.235,1008303.8879999997
2006,Batteries,Product Component,Midstream,152897.94633333336,396951.19033333333,-244053.24399999998
2006,Batteries,Process Equipment,Downstream,331140.2021666661,1012876.5880000016,-681736.3858333356
2006,Batteries,Process Equipment,Midstream,30430.606833333328,122302.69199999998,-91872.08516666666
2006,Batteries,Raw Material,Upstream,12499175.597000001,1045003.998,11454171.599000001
2006,Batteries,Final Product,Final Product,4540.627499999999,83685.7545,-79145.127
2006,Batteries,Product Component,Downstream,2538.539666666667,7506.985666666667,-4968.446
2007,Batteries,Product Component,Midstream,183491.56133333332,508665.72746666666,-325174.16613333335
2007,Batteries,Processed Material,Midstream,1991481.1169999994,862333.537,1129147.5799999994
2007,Batteries,Process Equipment,Downstream,406725.3970000005,1409983.6384999987,-1003258.2414999981
2007,Batteries,Process Equipment,Midstream,26843.85599999999,172430.67849999998,-145586.82249999998
2007,Batteries,Raw Material,Upstream,20123494.255999986,1142366.7979999997,18981127.457999986
2007,Batteries,Final Product,Final Product,3188.3764999999994,83493.68,-80305.3035
2007,Batteries,Product Component,Downstream,2251.4136666666664,8089.166333333334,-5837.752666666667
2008,Batteries,Product Component,Midstream,236490.68706666664,602745.9785333334,-366255.29146666673
2008,Batteries,Processed Material,Midstream,2216282.4899999998,1056925.85,1159356.6399999997
2008,Batteries,Process Equipment,Downstream,274913.5161666666,1855511.1656666659,-1580597.6494999994
2008,Batteries,Process Equipment,Midstream,34757.80483333332,182131.43933333334,-147373.63450000001
2008,Batteries,Final Product,Final Product,2108.127,117321.192,-115213.065
2008,Batteries,Raw Material,Upstream,34711295.55900001,1070861.9640000002,33640433.595000006
2008,Batteries,Product Component,Downstream,3660.3866666666663,8620.830999999998,-4960.444333333332
2009,Batteries,Product Component,Midstream,271807.144,468377.1313333333,-196569.98733333335
2009,Batteries,Processed Material,Midstream,2010646.7980000004,770327.7039999999,1240319.0940000005
2009,Batteries,Process Equipment,Downstream,246821.58899999977,1478506.7140000006,-1231685.125000001
2009,Batteries,Process Equipment,Midstream,33834.931,235316.46299999996,-201481.53199999995
2009,Batteries,Raw Material,Upstream,19381215.96800001,724736.398,18656479.570000008
2009,Batteries,Final Product,Final Product,3078.0199999999995,128047.483,-124969.46299999999
2009,Batteries,Product Component,Downstream,1803.4819999999997,5463.123666666666,-3659.6416666666664
2010,Batteries,Processed Material,Midstream,2648702.943,1052375.607,1596327.336
2010,Batteries,Product Component,Midstream,279164.9876666666,602022.2220000001,-322857.23433333344
2010,Batteries,Process Equipment,Downstream,221888.76883333348,1878450.1791666672,-1656561.4103333338
2010,Batteries,Process Equipment,Midstream,27555.345166666662,166282.8378333333,-138727.49266666663
2010,Batteries,Raw Material,Upstream,35335611.65700001,1143963.92,34191647.73700001
2010,Batteries,Final Product,Final Product,1835.9555,150975.6005,-149139.645
2010,Batteries,Product Component,Downstream,2208.512333333333,7747.079,-5538.566666666667
2011,Batteries,Product Component,Midstream,245930.097,728394.49,-482464.393
2011,Batteries,Processed Material,Midstream,3359494.170000001,1356305.8180000002,2003188.3520000007
2011,Batteries,Process Equipment,Downstream,386408.56466666673,2724910.107666667,-2338501.5430000005
2011,Batteries,Process Equipment,Midstream,44773.66033333333,247731.85133333335,-202958.19100000002
2011,Batteries,Final Product,Final Product,2361.3525,165887.27750000003,-163525.92500000002
2011,Batteries,Raw Material,Upstream,48350409.59500003,1158700.584,47191709.01100003
2011,Batteries,Product Component,Downstream,4395.675333333334,9038.321,-4642.645666666666
2012,Batteries,Processed Material,Midstream,3019338.686000001,1257108.818,1762229.8680000012
2012,Batteries,Product Component,Midstream,248034.3846666667,726853.4786666667,-478819.0939999999
2012,Batteries,Process Equipment,Downstream,580494.2896666673,2282029.1316666654,-1701534.841999998
2012,Batteries,Process Equipment,Midstream,38282.39433333333,678909.3803333332,-640626.9859999998
2012,Batteries,Raw Material,Upstream,37131062.64199998,684556.487,36446506.15499998
2012,Batteries,Final Product,Final Product,5704.969666666667,309800.23366666667,-304095.264
2012,Batteries,Product Component,Downstream,3262.522333333333,8018.900333333333,-4756.378000000001
2013,Batteries,Processed Material,Midstream,2697257.2529999996,1338948.2650000001,1358308.9879999994
2013,Batteries,Product Component,Midstream,249093.49699999997,776353.6143333333,-527260.1173333334
2013,Batteries,Process Equipment,Downstream,299649.57966666576,2381284.132666667,-2081634.5530000012
2013,Batteries,Process Equipment,Midstream,39905.31333333332,333248.11833333335,-293342.80500000005
2013,Batteries,Raw Material,Upstream,38202031.29500002,1126599.4179999998,37075431.87700002
2013,Batteries,Product Component,Downstream,2898.314,10590.675666666666,-7692.361666666666
2013,Batteries,Final Product,Final Product,4814.558666666666,356455.6526666667,-351641.09400000004
2014,Batteries,Processed Material,Midstream,3104115.335999999,1350493.9270000001,1753621.408999999
2014,Batteries,Product Component,Midstream,245308.44133333338,765663.8346666668,-520355.3933333334
2014,Batteries,Process Equipment,Downstream,247866.48666666634,2192695.6978333346,-1944829.2111666682
2014,Batteries,Raw Material,Upstream,31668393.008999974,1070612.97,30597780.038999975
2014,Batteries,Process Equipment,Midstream,79181.36533333336,458618.80016666674,-379437.43483333336
2014,Batteries,Final Product,Final Product,8741.465000000002,354510.50266666664,-345769.0376666666
2014,Batteries,Product Component,Downstream,3244.1176666666665,7314.803333333333,-4070.6856666666667
2015,Batteries,Process Equipment,Downstream,184792.88000000003,1734924.029000001,-1550131.149000001
2015,Batteries,Raw Material,Upstream,20580124.369999994,958758.597,19621365.772999994
2015,Batteries,Processed Material,Midstream,3220512.2859999975,952123.066,2268389.2199999974
2015,Batteries,Product Component,Midstream,185659.0656666666,690963.7643333334,-505304.69866666675
2015,Batteries,Process Equipment,Midstream,21791.631999999998,217971.4759999999,-196179.84399999992
2015,Batteries,Final Product,Final Product,4999.944666666668,234085.7553333333,-229085.81066666663
2015,Batteries,Product Component,Downstream,3380.841333333333,13164.303666666667,-9783.462333333333
2016,Batteries,Product Component,Midstream,187592.46100000004,632801.736,-445209.275
2016,Batteries,Process Equipment,Downstream,302532.32566666737,1470464.8918333342,-1167932.5661666668
2016,Batteries,Raw Material,Upstream,18823885.968999997,752690.857,18071195.111999996
2016,Batteries,Processed Material,Midstream,2983642.3010000004,822458.926,2161183.3750000005
2016,Batteries,Process Equipment,Midstream,32912.64233333333,200610.3751666667,-167697.73283333337
2016,Batteries,Final Product,Final Product,2937.7456666666667,210762.42133333336,-207824.6756666667
2016,Batteries,Product Component,Downstream,4358.344,13743.937000000002,-9385.593
2017,Batteries,Product Component,Midstream,216252.80633333322,625981.5633333334,-409728.7570000001
2017,Batteries,Process Equipment,Downstream,227094.77391666634,988404.9220833326,-761310.1481666663
2017,Batteries,Process Equipment,Midstream,15199.772166666664,81540.71566666667,-66340.94350000001
2017,Batteries,Raw Material,Upstream,23500765.70100001,886153.127,22614612.57400001
2017,Batteries,Processed Material,Midstream,3083205.3099999996,545564.1909999999,2537641.119
2017,Batteries,Final Product,Final Product,769.9625,269864.40750000003,-269094.445
2017,Batteries,Product Component,Downstream,5342.921666666666,7754.700666666667,-2411.7790000000005
2018,Batteries,Raw Material,Upstream,25022901.99099999,785719.612,24237182.37899999
2018,Batteries,Processed Material,Midstream,3001190.0779999997,819770.4260000002,2181419.652
2018,Batteries,Product Component,Midstream,225814.42933333322,682661.7093333334,-456847.2800000002
2018,Batteries,Process Equipment,Downstream,243542.17299999946,1193354.3947500014,-949812.2217500019
2018,Batteries,Process Equipment,Midstream,10836.257333333335,93463.05816666665,-82626.80083333331
2018,Batteries,Product Component,Downstream,4598.317666666666,6378.671666666666,-1780.3540000000003
2018,Batteries,Final Product,Final Product,1188.6979999999999,306432.65,-305243.95200000005
2019,Batteries,Product Component,Midstream,194072.0336666667,651094.173,-457022.13933333324
2019,Batteries,Process Equipment,Downstream,216547.4946666672,1187973.1409166667,-971425.6462499995
2019,Batteries,Raw Material,Upstream,29012337.716999996,747728.94,28264608.776999995
2019,Batteries,Processed Material,Midstream,2853093.8290000004,725177.464,2127916.365
2019,Batteries,Process Equipment,Midstream,12857.887499999999,54022.00783333332,-41164.120333333325
2019,Batteries,Product Component,Downstream,3545.4373333333333,5877.4259999999995,-2331.988666666666
2019,Batteries,Final Product,Final Product,1630.8895,358085.54650000005,-356454.65700000006
2020,Batteries,Product Component,Midstream,178108.04333333345,677066.4100000003,-498958.3666666668
2020,Batteries,Process Equipment,Downstream,181020.65783333353,996968.9863333334,-815948.3284999998
2020,Batteries,Raw Material,Upstream,31376696.796000004,536290.2019999999,30840406.594000004
2020,Batteries,Processed Material,Midstream,2579856.4590000007,579277.975,2000578.4840000006
2020,Batteries,Process Equipment,Midstream,13178.177999999996,56207.72949999999,-43029.55149999999
2020,Batteries,Product Component,Downstream,2571.9366666666665,5610.554,-3038.6173333333336
2020,Batteries,Final Product,Final Product,3540.5364999999997,379100.5675,-375560.031
2021,Batteries,Product Component,Midstream,251222.25766666658,821563.8426666663,-570341.5849999997
2021,Batteries,Process Equipment,Downstream,270411.4204999995,1215943.8404166666,-945532.419916667
2021,Batteries,Raw Material,Upstream,51076094.76599998,543897.53,50532197.23599998
2021,Batteries,Processed Material,Midstream,3216242.235,910464.7509999999,2305777.484
2021,Batteries,Process Equipment,Midstream,23419.013166666668,55545.324,-32126.310833333333
2021,Batteries,Product Component,Downstream,7596.697333333333,5669.033333333333,1927.6639999999998
2021,Batteries,Final Product,Final Product,1348.602,471019.2975000001,-469670.6955000001
2022,Batteries,Product Component,Midstream,315111.0823333334,1028509.0603333332,-713397.9779999999
2022,Batteries,Process Equipment,Downstream,201778.01500000042,1184528.0971666677,-982750.0821666673
2022,Batteries,Raw Material,Upstream,33932149.460999995,272366.81499999994,33659782.646
2022,Batteries,Processed Material,Midstream,3458845.764999999,1019323.7270000002,2439522.037999999
2022,Batteries,Process Equipment,Midstream,16846.732999999997,56463.41483333333,-39616.681833333336
2022,Batteries,Product Component,Downstream,14923.864666666665,6798.912666666667,8124.9519999999975
2022,Batteries,Final Product,Final Product,1601.7785,284688.19200000004,-283086.4135
2023,Batteries,Product Component,Midstream,283521.8480000002,884908.848,-601386.9999999998
2023,Batteries,Process Equipment,Downstream,379310.54183333257,1369701.3730000008,-990390.8311666683
2023,Batteries,Process Equipment,Midstream,21062.202166666673,78466.51500000001,-57404.312833333344
2023,Batteries,Raw Material,Upstream,35755716.52200002,322573.99399999995,35433142.52800002
2023,Batteries,Processed Material,Midstream,2917484.8549999995,799955.267,2117529.5879999995
2023,Batteries,Final Product,Final Product,1231.7565,288967.515,-287735.7585
2023,Batteries,Product Component,Downstream,9745.253999999999,4893.5909999999985,4851.6630000000005
2024,Batteries,Product Component,Midstream,290206.759,1084916.2413333333,-794709.4823333332
2024,Batteries,Process Equipment,Downstream,433112.09050000075,1533566.2398333345,-1100454.1493333336
2024,Batteries,Raw Material,Upstream,36028666.144,27487.062,36001179.082
2024,Batteries,Processed Material,Midstream,3582526.1070000003,979498.3010000002,2603027.806
2024,Batteries,Process Equipment,Midstream,26120.1825,70486.15316666666,-44365.97066666666
2024,Batteries,Final Product,Final Product,3184.0949999999993,339831.16500000004,-336647.07000000007
2024,Batteries,Product Component,Downstream,6579.997999999999,8609.576666666666,-2029.5786666666672
