nace_code,nace_desc,nace2_main_section,tech,role,stage,naics6_dominant,naics4_dominant,naics6_all,naics_n_mapped,naics6_desc
1041,Manufacture of oils and fats,C - Manufacturing,Biofuel,Raw Material,Upstream,311224,3112,311224;311225,2,FLOURS AND MEALS OF SOYBEANS
1062,Manufacture of starches and starch products,C - Manufacturing,Biofuel,Raw Material,Upstream,311221,3112,311221,1,"STARCH, WHEAT"
1610,Sawmilling and planing of wood,C - Manufacturing,Biofuel,Raw Material,Upstream,321113,3211,321113,1,"WOOD IN CHIPS OR PARTICLES, CONIFEROUS"
1920,Manufacture of refined petroleum products,C - Manufacturing,Geothermal,Product Component,Midstream,325110,3251,325110,1,"ETHYLENE, PROPYLENE, BUTYLENE AND BUTADIENE LIQIFIED"
2011,Manufacture of industrial gases,C - Manufacturing,Biofuel,Raw Material,Upstream,325120,3251,325120,1,HYDROGEN
2012,Manufacture of dyes and pigments,C - Manufacturing,Batteries,Processed Material,Midstream,325180,3251,325180;325130,2,"SULFUR, REFINED, OTHER THAN SUBLIMED, PRECIPITATED OR COLLOIDAL"
2012,Manufacture of dyes and pigments,C - Manufacturing,Biofuel,Processed Material,Midstream,325180,3251,325180;325130,2,"SULFUR, REFINED, OTHER THAN SUBLIMED, PRECIPITATED OR COLLOIDAL"
2012,Manufacture of dyes and pigments,C - Manufacturing,Electrolyzers,Processed Material,Midstream,325180,3251,325180;325130,2,"SULFUR, REFINED, OTHER THAN SUBLIMED, PRECIPITATED OR COLLOIDAL"
2012,Manufacture of dyes and pigments,C - Manufacturing,Nuclear,Processed Material,Midstream,325180,3251,325180;325130,2,"SULFUR, REFINED, OTHER THAN SUBLIMED, PRECIPITATED OR COLLOIDAL"
2013,Manufacture of other inorganic basic chemicals,C - Manufacturing,Batteries,Processed Material,Midstream,325180,3251,325180;331410;325120;331110;332410,5,"SULFUR, REFINED, OTHER THAN SUBLIMED, PRECIPITATED OR COLLOIDAL"
2013,Manufacture of other inorganic basic chemicals,C - Manufacturing,Batteries,Raw Material,Upstream,325180,3251,325180;331410;325120;331110;332410,5,"SULFUR, REFINED, OTHER THAN SUBLIMED, PRECIPITATED OR COLLOIDAL"
2013,Manufacture of other inorganic basic chemicals,C - Manufacturing,Biofuel,Processed Material,Midstream,325180,3251,325180;331410;325120;331110;332410,5,"SULFUR, REFINED, OTHER THAN SUBLIMED, PRECIPITATED OR COLLOIDAL"
2013,Manufacture of other inorganic basic chemicals,C - Manufacturing,Electrolyzers,Processed Material,Midstream,325180,3251,325180;331410;325120;331110;332410,5,"SULFUR, REFINED, OTHER THAN SUBLIMED, PRECIPITATED OR COLLOIDAL"
2013,Manufacture of other inorganic basic chemicals,C - Manufacturing,Geothermal,Raw Material,Upstream,325180,3251,325180;331410;325120;331110;332410,5,"SULFUR, REFINED, OTHER THAN SUBLIMED, PRECIPITATED OR COLLOIDAL"
2013,Manufacture of other inorganic basic chemicals,C - Manufacturing,Magnets,Processed Material,Midstream,325180,3251,325180;331410;325120;331110;332410,5,"SULFUR, REFINED, OTHER THAN SUBLIMED, PRECIPITATED OR COLLOIDAL"
2013,Manufacture of other inorganic basic chemicals,C - Manufacturing,Magnets,Raw Material,Upstream,325180,3251,325180;331410;325120;331110;332410,5,"SULFUR, REFINED, OTHER THAN SUBLIMED, PRECIPITATED OR COLLOIDAL"
2013,Manufacture of other inorganic basic chemicals,C - Manufacturing,Nuclear,Processed Material,Midstream,325180,3251,325180;331410;325120;331110;332410,5,"SULFUR, REFINED, OTHER THAN SUBLIMED, PRECIPITATED OR COLLOIDAL"
2013,Manufacture of other inorganic basic chemicals,C - Manufacturing,Nuclear,Processed Material,Upstream,325180,3251,325180;331410;325120;331110;332410,5,"SULFUR, REFINED, OTHER THAN SUBLIMED, PRECIPITATED OR COLLOIDAL"
2013,Manufacture of other inorganic basic chemicals,C - Manufacturing,Nuclear,Product Component,Downstream,325180,3251,325180;331410;325120;331110;332410,5,"SULFUR, REFINED, OTHER THAN SUBLIMED, PRECIPITATED OR COLLOIDAL"
2013,Manufacture of other inorganic basic chemicals,C - Manufacturing,Nuclear,Raw Material,Upstream,325180,3251,325180;331410;325120;331110;332410,5,"SULFUR, REFINED, OTHER THAN SUBLIMED, PRECIPITATED OR COLLOIDAL"
2013,Manufacture of other inorganic basic chemicals,C - Manufacturing,Solar,Processed Material,Midstream,325180,3251,325180;331410;325120;331110;332410,5,"SULFUR, REFINED, OTHER THAN SUBLIMED, PRECIPITATED OR COLLOIDAL"
2013,Manufacture of other inorganic basic chemicals,C - Manufacturing,Solar,Raw Material,Upstream,325180,3251,325180;331410;325120;331110;332410,5,"SULFUR, REFINED, OTHER THAN SUBLIMED, PRECIPITATED OR COLLOIDAL"
2013,Manufacture of other inorganic basic chemicals,C - Manufacturing,Transmission,Processed Material,Midstream,325180,3251,325180;331410;325120;331110;332410,5,"SULFUR, REFINED, OTHER THAN SUBLIMED, PRECIPITATED OR COLLOIDAL"
2013,Manufacture of other inorganic basic chemicals,C - Manufacturing,Transmission,Raw Material,Upstream,325180,3251,325180;331410;325120;331110;332410,5,"SULFUR, REFINED, OTHER THAN SUBLIMED, PRECIPITATED OR COLLOIDAL"
2013,Manufacture of other inorganic basic chemicals,C - Manufacturing,Wind,Processed Material,Midstream,325180,3251,325180;331410;325120;331110;332410,5,"SULFUR, REFINED, OTHER THAN SUBLIMED, PRECIPITATED OR COLLOIDAL"
2014,Manufacture of other organic basic chemicals,C - Manufacturing,Batteries,Raw Material,Upstream,325199,3251,325199;325110;325193,3,"WOOL GREASE, EXCEPT CRUDE, AND FATTY SUBSTANCES DERIVED THEREFROM (INCLUDING LANOLIN)"
2014,Manufacture of other organic basic chemicals,C - Manufacturing,Biofuel,Final Product,Final Product,325199,3251,325199;325110;325193,3,"WOOL GREASE, EXCEPT CRUDE, AND FATTY SUBSTANCES DERIVED THEREFROM (INCLUDING LANOLIN)"
2014,Manufacture of other organic basic chemicals,C - Manufacturing,Biofuel,Processed Material,Midstream,325199,3251,325199;325110;325193,3,"WOOL GREASE, EXCEPT CRUDE, AND FATTY SUBSTANCES DERIVED THEREFROM (INCLUDING LANOLIN)"
2014,Manufacture of other organic basic chemicals,C - Manufacturing,Wind,Processed Material,Midstream,325199,3251,325199;325110;325193,3,"WOOL GREASE, EXCEPT CRUDE, AND FATTY SUBSTANCES DERIVED THEREFROM (INCLUDING LANOLIN)"
2015,Manufacture of fertilisers and nitrogen compounds,C - Manufacturing,Solar,Processed Material,Midstream,325311,3253,325311,1,NITRIC ACID AND SULFONITRIC ACIDS
2016,Manufacture of plastics in primary forms,C - Manufacturing,Batteries,Processed Material,Midstream,325211,3252,325211;325212,2,"BISPHENOL A, DIPHENYLOLPROPANE (4,4'-ISOPROPYLIDENEDIPHENOL) AND ITS SALTS"
2016,Manufacture of plastics in primary forms,C - Manufacturing,Electrolyzers,Processed Material,Midstream,325211,3252,325211;325212,2,"BISPHENOL A, DIPHENYLOLPROPANE (4,4'-ISOPROPYLIDENEDIPHENOL) AND ITS SALTS"
2016,Manufacture of plastics in primary forms,C - Manufacturing,Electrolyzers,Product Component,Downstream,325211,3252,325211;325212,2,"BISPHENOL A, DIPHENYLOLPROPANE (4,4'-ISOPROPYLIDENEDIPHENOL) AND ITS SALTS"
2016,Manufacture of plastics in primary forms,C - Manufacturing,Geothermal,Product Component,Midstream,325211,3252,325211;325212,2,"BISPHENOL A, DIPHENYLOLPROPANE (4,4'-ISOPROPYLIDENEDIPHENOL) AND ITS SALTS"
2016,Manufacture of plastics in primary forms,C - Manufacturing,Solar,Processed Material,Midstream,325211,3252,325211;325212,2,"BISPHENOL A, DIPHENYLOLPROPANE (4,4'-ISOPROPYLIDENEDIPHENOL) AND ITS SALTS"
2016,Manufacture of plastics in primary forms,C - Manufacturing,Wind,Processed Material,Midstream,325211,3252,325211;325212,2,"BISPHENOL A, DIPHENYLOLPROPANE (4,4'-ISOPROPYLIDENEDIPHENOL) AND ITS SALTS"
2017,Manufacture of synthetic rubber in primary forms,C - Manufacturing,Electrolyzers,Processed Material,Midstream,325212,3252,325212,1,"POLYMERS OF ETHYLENE IN PRIMARY FORM,ELASTOMERIC"
2017,Manufacture of synthetic rubber in primary forms,C - Manufacturing,Geothermal,Processed Material,Midstream,325212,3252,325212,1,"POLYMERS OF ETHYLENE IN PRIMARY FORM,ELASTOMERIC"
2017,Manufacture of synthetic rubber in primary forms,C - Manufacturing,Geothermal,Product Component,Midstream,325212,3252,325212,1,"POLYMERS OF ETHYLENE IN PRIMARY FORM,ELASTOMERIC"
2030,"Manufacture of paints, varnishes and similar coatings, printing ink and mastics",C - Manufacturing,Solar,Processed Material,Midstream,325510,3255,325510,1,"VITRIFIABLE ENAMELS AND GLAZES,ENGOBES (SLIPS) AND SIMILAR PREPARATIONS"
2030,"Manufacture of paints, varnishes and similar coatings, printing ink and mastics",C - Manufacturing,Wind,Product Component,Midstream,325510,3255,325510,1,"VITRIFIABLE ENAMELS AND GLAZES,ENGOBES (SLIPS) AND SIMILAR PREPARATIONS"
2052,Manufacture of glues,C - Manufacturing,Solar,Processed Material,Midstream,325520,3255,325520,1,CAULKING COMPOUNDS
2052,Manufacture of glues,C - Manufacturing,Wind,Processed Material,Midstream,325520,3255,325520,1,CAULKING COMPOUNDS
2059,Manufacture of other chemical products nec,C - Manufacturing,Batteries,Product Component,Midstream,325180,3251,325180;325998;325199,3,"SULFUR, REFINED, OTHER THAN SUBLIMED, PRECIPITATED OR COLLOIDAL"
2059,Manufacture of other chemical products nec,C - Manufacturing,Biofuel,Final Product,Final Product,325180,3251,325180;325998;325199,3,"SULFUR, REFINED, OTHER THAN SUBLIMED, PRECIPITATED OR COLLOIDAL"
2059,Manufacture of other chemical products nec,C - Manufacturing,Biofuel,Processed Material,Midstream,325180,3251,325180;325998;325199,3,"SULFUR, REFINED, OTHER THAN SUBLIMED, PRECIPITATED OR COLLOIDAL"
2059,Manufacture of other chemical products nec,C - Manufacturing,Electrolyzers,Product Component,Midstream,325180,3251,325180;325998;325199,3,"SULFUR, REFINED, OTHER THAN SUBLIMED, PRECIPITATED OR COLLOIDAL"
2059,Manufacture of other chemical products nec,C - Manufacturing,Geothermal,Product Component,Midstream,325180,3251,325180;325998;325199,3,"SULFUR, REFINED, OTHER THAN SUBLIMED, PRECIPITATED OR COLLOIDAL"
2059,Manufacture of other chemical products nec,C - Manufacturing,Solar,Product Component,Midstream,325180,3251,325180;325998;325199,3,"SULFUR, REFINED, OTHER THAN SUBLIMED, PRECIPITATED OR COLLOIDAL"
2219,Manufacture of other rubber products,C - Manufacturing,Geothermal,Product Component,Midstream,326299,3262,326299;339991,2,"RECLAIMED RUBBER IN PRIMARY FORMS OR IN PLATES, SHEETS OR STRIP"
2219,Manufacture of other rubber products,C - Manufacturing,Wind,Processed Material,Midstream,326299,3262,326299;339991,2,"RECLAIMED RUBBER IN PRIMARY FORMS OR IN PLATES, SHEETS OR STRIP"
2219,Manufacture of other rubber products,C - Manufacturing,Wind,Product Component,Midstream,326299,3262,326299;339991,2,"RECLAIMED RUBBER IN PRIMARY FORMS OR IN PLATES, SHEETS OR STRIP"
2221,"Manufacture of plastic plates, sheets, tubes and profiles",C - Manufacturing,Batteries,Processed Material,Midstream,326113,3261,326113;326122;326220,3,"OTHER PLATES,SHEETS,FILM,FOIL & STRIP,OF PLASTIC, NONCELLUAR & NOT REINFORCED,LAMINATED,SUPPORTED OR COMBINED WITH OTH MAT,OF POLYMERS OF ETHYLENE"
2221,"Manufacture of plastic plates, sheets, tubes and profiles",C - Manufacturing,Solar,Processed Material,Midstream,326113,3261,326113;326122;326220,3,"OTHER PLATES,SHEETS,FILM,FOIL & STRIP,OF PLASTIC, NONCELLUAR & NOT REINFORCED,LAMINATED,SUPPORTED OR COMBINED WITH OTH MAT,OF POLYMERS OF ETHYLENE"
2221,"Manufacture of plastic plates, sheets, tubes and profiles",C - Manufacturing,Wind,Processed Material,Midstream,326113,3261,326113;326122;326220,3,"OTHER PLATES,SHEETS,FILM,FOIL & STRIP,OF PLASTIC, NONCELLUAR & NOT REINFORCED,LAMINATED,SUPPORTED OR COMBINED WITH OTH MAT,OF POLYMERS OF ETHYLENE"
2229,Manufacture of other plastic products,C - Manufacturing,Batteries,Product Component,Midstream,322220,3222,322220,1,"SELF-ADHESIVE PLATES,SHEETS,FILM,FOIL,TAPE,ETC,OF PLASTIC,IN ROLLS NOT OVR 20 CM WIDE WITH LIGHT-REFLECTING SURFAC PRODUCED BY GLASS GRAINS(BALLOTINI)"
2311,Manufacture of flat glass,C - Manufacturing,Solar,Processed Material,Midstream,327211,3272,327211,1,"CAST GLASS & ROLLED GLASS,IN NONWIRED SHEETS COLORED THROUGHOUT MASS (BODY TINTED), OPACIFIED, FLASHED OR HAVING AN ABSORBENT/REFLECT/NON-REFLECT"
2311,Manufacture of flat glass,C - Manufacturing,Solar,Product Component,Downstream,327211,3272,327211,1,"CAST GLASS & ROLLED GLASS,IN NONWIRED SHEETS COLORED THROUGHOUT MASS (BODY TINTED), OPACIFIED, FLASHED OR HAVING AN ABSORBENT/REFLECT/NON-REFLECT"
2312,Shaping and processing of flat glass,C - Manufacturing,Solar,Processed Material,Midstream,327215,3272,327215,1,"GLASS OF HEADING 7003, 7004, OR 7005, BENT, EDGE WORKED, ENGRAVED, DRILLED, ENAMELED OR OTHERWISE WORKED, NOT FRAMED OR FITTED"
2312,Shaping and processing of flat glass,C - Manufacturing,Solar,Product Component,Downstream,327215,3272,327215,1,"GLASS OF HEADING 7003, 7004, OR 7005, BENT, EDGE WORKED, ENGRAVED, DRILLED, ENAMELED OR OTHERWISE WORKED, NOT FRAMED OR FITTED"
2320,Manufacture of refractory products,C - Manufacturing,Biofuel,Processed Material,Midstream,327120,3271,327120,1,DOLOMITE RAMMING MIX
2344,Manufacture of other technical ceramic products,C - Manufacturing,Magnets,Product Component,Downstream,339999,3399,339999,1,"FEATHERS OF A KIND USED FOR STUFFING, DOWN, NOT FURTHER WORKED THAN CLEANED, DISINFECTED OR TREATED FOR PRESERVATION"
2344,Manufacture of other technical ceramic products,C - Manufacturing,Wind,Product Component,Downstream,339999,3399,339999,1,"FEATHERS OF A KIND USED FOR STUFFING, DOWN, NOT FURTHER WORKED THAN CLEANED, DISINFECTED OR TREATED FOR PRESERVATION"
2351,Manufacture of cement,C - Manufacturing,Geothermal,Processed Material,Midstream,327310,3273,327310,1,CEMENT CLINKERS
2352,Manufacture of lime and plaster,C - Manufacturing,Biofuel,Raw Material,Midstream,327410,3274,327410,1,DOLOMITE CALCINED OR SINTERED
2369,"Manufacture of other articles of concrete, plaster and cement",C - Manufacturing,Nuclear,Processed Material,Midstream,327991,3279,327991,1,"SETTS, CURBSTONES AND FLAGSTONES, OF NATURAL STONE (EXCEPT SLATE)"
2391,Production of abrasive products,C - Manufacturing,Magnets,Process Equipment,Downstream,327910,3279,327910,1,"PUMICE, EXCEPT CRUDE OR CRUSHED, WHETHER OR NOT HEAT-TREATED"
2399,Manufacture of other non-metallic mineral products nec,C - Manufacturing,Batteries,Processed Material,Midstream,327999,3279,327999;335991,2,ARTIFICAL GRAPHITE
2399,Manufacture of other non-metallic mineral products nec,C - Manufacturing,Nuclear,Processed Material,Midstream,327999,3279,327999;335991,2,ARTIFICAL GRAPHITE
2399,Manufacture of other non-metallic mineral products nec,C - Manufacturing,Wind,Processed Material,Midstream,327999,3279,327999;335991,2,ARTIFICAL GRAPHITE
2410,Manufacture of basic iron and steel and of ferro-alloys,C - Manufacturing,Geothermal,Processed Material,Midstream,331110,3311,331110,1,ROASTED IRON PYRITES
2410,Manufacture of basic iron and steel and of ferro-alloys,C - Manufacturing,Magnets,Processed Material,Midstream,331110,3311,331110,1,ROASTED IRON PYRITES
2410,Manufacture of basic iron and steel and of ferro-alloys,C - Manufacturing,Nuclear,Processed Material,Midstream,331110,3311,331110,1,ROASTED IRON PYRITES
2410,Manufacture of basic iron and steel and of ferro-alloys,C - Manufacturing,Nuclear,Product Component,Downstream,331110,3311,331110,1,ROASTED IRON PYRITES
2410,Manufacture of basic iron and steel and of ferro-alloys,C - Manufacturing,Transmission,Processed Material,Midstream,331110,3311,331110,1,ROASTED IRON PYRITES
2410,Manufacture of basic iron and steel and of ferro-alloys,C - Manufacturing,Wind,Processed Material,Midstream,331110,3311,331110,1,ROASTED IRON PYRITES
2420,"Manufacture of tubes, pipes, hollow profiles and related fittings, of steel",C - Manufacturing,Geothermal,Final Product,Final Product,332996,3329,332996;331210;331110,3,STAINLESS STEEL FLANGES
2420,"Manufacture of tubes, pipes, hollow profiles and related fittings, of steel",C - Manufacturing,Geothermal,Product Component,Midstream,332996,3329,332996;331210;331110,3,STAINLESS STEEL FLANGES
2420,"Manufacture of tubes, pipes, hollow profiles and related fittings, of steel",C - Manufacturing,Wind,Product Component,Midstream,332996,3329,332996;331210;331110,3,STAINLESS STEEL FLANGES
2441,Precious metals production,C - Manufacturing,Biofuel,Processed Material,Midstream,331410,3314,331410;331491,2,HARD ZINC SPELTER
2441,Precious metals production,C - Manufacturing,Electrolyzers,Processed Material,Midstream,331410,3314,331410;331491,2,HARD ZINC SPELTER
2441,Precious metals production,C - Manufacturing,Solar,Processed Material,Midstream,331410,3314,331410;331491,2,HARD ZINC SPELTER
2442,Aluminium production,C - Manufacturing,Batteries,Processed Material,Midstream,331313,3313,331313;331318;322220;331314,4,"ALUMINUM OXIDE, EXCEPT ARTIFICIAL CORUNDUM, NESOI"
2442,Aluminium production,C - Manufacturing,Batteries,Product Component,Midstream,331313,3313,331313;331318;322220;331314,4,"ALUMINUM OXIDE, EXCEPT ARTIFICIAL CORUNDUM, NESOI"
2442,Aluminium production,C - Manufacturing,Biofuel,Processed Material,Midstream,331313,3313,331313;331318;322220;331314,4,"ALUMINUM OXIDE, EXCEPT ARTIFICIAL CORUNDUM, NESOI"
2442,Aluminium production,C - Manufacturing,Heat Pumps,Processed Material,Midstream,331313,3313,331313;331318;322220;331314,4,"ALUMINUM OXIDE, EXCEPT ARTIFICIAL CORUNDUM, NESOI"
2442,Aluminium production,C - Manufacturing,Heat Pumps,Product Component,Midstream,331313,3313,331313;331318;322220;331314,4,"ALUMINUM OXIDE, EXCEPT ARTIFICIAL CORUNDUM, NESOI"
2442,Aluminium production,C - Manufacturing,Magnets,Processed Material,Midstream,331313,3313,331313;331318;322220;331314,4,"ALUMINUM OXIDE, EXCEPT ARTIFICIAL CORUNDUM, NESOI"
2442,Aluminium production,C - Manufacturing,Solar,Processed Material,Midstream,331313,3313,331313;331318;322220;331314,4,"ALUMINUM OXIDE, EXCEPT ARTIFICIAL CORUNDUM, NESOI"
2442,Aluminium production,C - Manufacturing,Solar,Product Component,Downstream,331313,3313,331313;331318;322220;331314,4,"ALUMINUM OXIDE, EXCEPT ARTIFICIAL CORUNDUM, NESOI"
2442,Aluminium production,C - Manufacturing,Transmission,Processed Material,Midstream,331313,3313,331313;331318;322220;331314,4,"ALUMINUM OXIDE, EXCEPT ARTIFICIAL CORUNDUM, NESOI"
2442,Aluminium production,C - Manufacturing,Wind,Processed Material,Midstream,331313,3313,331313;331318;322220;331314,4,"ALUMINUM OXIDE, EXCEPT ARTIFICIAL CORUNDUM, NESOI"
2442,Aluminium production,C - Manufacturing,Wind,Product Component,Midstream,331313,3313,331313;331318;322220;331314,4,"ALUMINUM OXIDE, EXCEPT ARTIFICIAL CORUNDUM, NESOI"
2443,"Lead, zinc and tin production",C - Manufacturing,Wind,Processed Material,Midstream,331410,3314,331410,1,HARD ZINC SPELTER
2444,Copper production,C - Manufacturing,Heat Pumps,Processed Material,Midstream,331420,3314,331420;331410,2,MASTER ALLOYS OF COPPER
2444,Copper production,C - Manufacturing,Heat Pumps,Product Component,Midstream,331420,3314,331420;331410,2,MASTER ALLOYS OF COPPER
2444,Copper production,C - Manufacturing,Transmission,Processed Material,Midstream,331420,3314,331420;331410,2,MASTER ALLOYS OF COPPER
2445,Other non-ferrous metal production,C - Manufacturing,Batteries,Processed Material,Midstream,331410,3314,331410;331492;331491,3,HARD ZINC SPELTER
2445,Other non-ferrous metal production,C - Manufacturing,Biofuel,Processed Material,Midstream,331410,3314,331410;331492;331491,3,HARD ZINC SPELTER
2445,Other non-ferrous metal production,C - Manufacturing,Electrolyzers,Processed Material,Midstream,331410,3314,331410;331492;331491,3,HARD ZINC SPELTER
2446,Processing of nuclear fuel,C - Manufacturing,Nuclear,Processed Material,Midstream,325180,3251,325180,1,"SULFUR, REFINED, OTHER THAN SUBLIMED, PRECIPITATED OR COLLOIDAL"
2511,Manufacture of metal structures and parts of structures,C - Manufacturing,Solar,Product Component,Downstream,332312,3323,332312,1,BRIDGES AND BRIDGE SECTIONS OF IRON OR STEEL
2511,Manufacture of metal structures and parts of structures,C - Manufacturing,Wind,Product Component,Downstream,332312,3323,332312,1,BRIDGES AND BRIDGE SECTIONS OF IRON OR STEEL
2530,"Manufacture of steam generators, except central heating hot water boilers",C - Manufacturing,Biofuel,Process Equipment,Downstream,332410,3324,332410,1,NUCLEAR REACTORS
2530,"Manufacture of steam generators, except central heating hot water boilers",C - Manufacturing,Biofuel,Process Equipment,Midstream,332410,3324,332410,1,NUCLEAR REACTORS
2530,"Manufacture of steam generators, except central heating hot water boilers",C - Manufacturing,Geothermal,Product Component,Downstream,332410,3324,332410,1,NUCLEAR REACTORS
2530,"Manufacture of steam generators, except central heating hot water boilers",C - Manufacturing,Heat Pumps,Product Component,Downstream,332410,3324,332410,1,NUCLEAR REACTORS
2530,"Manufacture of steam generators, except central heating hot water boilers",C - Manufacturing,Nuclear,Final Product,Final Product,332410,3324,332410,1,NUCLEAR REACTORS
2530,"Manufacture of steam generators, except central heating hot water boilers",C - Manufacturing,Nuclear,Product Component,Downstream,332410,3324,332410,1,NUCLEAR REACTORS
2572,Manufacture of locks and hinges,C - Manufacturing,Solar,Product Component,Downstream,332510,3325,332510,1,PADLOCKS OF BASE METAL
2573,Manufacture of tools,C - Manufacturing,Electrolyzers,Process Equipment,Downstream,333514,3335,333514;333515;333131,3,"DIES FOR DRAWING OR EXTRUDING METAL, AND PARTS THEREOF"
2573,Manufacture of tools,C - Manufacturing,Geothermal,Product Component,Downstream,333514,3335,333514;333515;333131,3,"DIES FOR DRAWING OR EXTRUDING METAL, AND PARTS THEREOF"
2573,Manufacture of tools,C - Manufacturing,Heat Pumps,Process Equipment,Midstream,333514,3335,333514;333515;333131,3,"DIES FOR DRAWING OR EXTRUDING METAL, AND PARTS THEREOF"
2573,Manufacture of tools,C - Manufacturing,Magnets,Process Equipment,Downstream,333514,3335,333514;333515;333131,3,"DIES FOR DRAWING OR EXTRUDING METAL, AND PARTS THEREOF"
2573,Manufacture of tools,C - Manufacturing,Wind,Processed Material,Midstream,333514,3335,333514;333515;333131,3,"DIES FOR DRAWING OR EXTRUDING METAL, AND PARTS THEREOF"
2594,Manufacture of fasteners and screw machine products,C - Manufacturing,Geothermal,Product Component,Midstream,332722,3327,332722,1,"COACH SCREWS, THREADED, OF IRON OR STEEL"
2599,Manufacture of other fabricated metal products nec,C - Manufacturing,Batteries,Product Component,Midstream,332999,3329,332999;327910;332215;332618,4,STAMPING FOILS
2599,Manufacture of other fabricated metal products nec,C - Manufacturing,Geothermal,Processed Material,Midstream,332999,3329,332999;327910;332215;332618,4,STAMPING FOILS
2599,Manufacture of other fabricated metal products nec,C - Manufacturing,Magnets,Final Product,Final Product,332999,3329,332999;327910;332215;332618,4,STAMPING FOILS
2599,Manufacture of other fabricated metal products nec,C - Manufacturing,Wind,Product Component,Downstream,332999,3329,332999;327910;332215;332618,4,STAMPING FOILS
2599,Manufacture of other fabricated metal products nec,C - Manufacturing,Wind,Product Component,Midstream,332999,3329,332999;327910;332215;332618,4,STAMPING FOILS
2611,Manufacture of electronic components,C - Manufacturing,Solar,Final Product,Final Product,334413,3344,334413,1,"SMART CARDS, UNRECORDED"
2611,Manufacture of electronic components,C - Manufacturing,Solar,Product Component,Downstream,334413,3344,334413,1,"SMART CARDS, UNRECORDED"
2611,Manufacture of electronic components,C - Manufacturing,Solar,Product Component,Midstream,334413,3344,334413,1,"SMART CARDS, UNRECORDED"
2651,"Manufacture of instruments and appliances for measuring, testing and navigation",C - Manufacturing,Batteries,Process Equipment,Downstream,334515,3345,334515;333310;334513;334519,4,SIGNAL GENERATORS
2651,"Manufacture of instruments and appliances for measuring, testing and navigation",C - Manufacturing,Wind,Process Equipment,Downstream,334515,3345,334515;333310;334513;334519,4,SIGNAL GENERATORS
2651,"Manufacture of instruments and appliances for measuring, testing and navigation",C - Manufacturing,Wind,Product Component,Midstream,334515,3345,334515;333310;334513;334519,4,SIGNAL GENERATORS
2660,"Manufacture of irradiation, electromedical and electrotherapeutic equipment",C - Manufacturing,Solar,Process Equipment,Midstream,334510,3345,334510,1,ELECTRICAL NERVE STIMULATION MACHINES AND APPARATUS
2670,Manufacture of optical instruments and photographic equipment,C - Manufacturing,Batteries,Process Equipment,Downstream,333310,3333,333310,1,SOLAR WATER HEATERS
2670,Manufacture of optical instruments and photographic equipment,C - Manufacturing,Electrolyzers,Process Equipment,Downstream,333310,3333,333310,1,SOLAR WATER HEATERS
2711,"Manufacture of electric motors, generators and transformers",C - Manufacturing,Geothermal,Final Product,Final Product,335312,3353,335312;334416;335311;333611,4,SPRING-OPERATED AND WEIGHT-OPERATED MOTORS
2711,"Manufacture of electric motors, generators and transformers",C - Manufacturing,Solar,Product Component,Downstream,335312,3353,335312;334416;335311;333611,4,SPRING-OPERATED AND WEIGHT-OPERATED MOTORS
2711,"Manufacture of electric motors, generators and transformers",C - Manufacturing,Transmission,Final Product,Final Product,335312,3353,335312;334416;335311;333611,4,SPRING-OPERATED AND WEIGHT-OPERATED MOTORS
2711,"Manufacture of electric motors, generators and transformers",C - Manufacturing,Wind,Product Component,Downstream,335312,3353,335312;334416;335311;333611,4,SPRING-OPERATED AND WEIGHT-OPERATED MOTORS
2711,"Manufacture of electric motors, generators and transformers",C - Manufacturing,Wind,Product Component,Midstream,335312,3353,335312;334416;335311;333611,4,SPRING-OPERATED AND WEIGHT-OPERATED MOTORS
2720,Manufacture of batteries and accumulators,C - Manufacturing,Batteries,Final Product,Final Product,335910,3359,335910,1,"PRIMARY CELLS AND PRIMARY BATTERIES, MANGANESE DIOXIDE"
2720,Manufacture of batteries and accumulators,C - Manufacturing,Batteries,Product Component,Downstream,335910,3359,335910,1,"PRIMARY CELLS AND PRIMARY BATTERIES, MANGANESE DIOXIDE"
2720,Manufacture of batteries and accumulators,C - Manufacturing,Batteries,Product Component,Midstream,335910,3359,335910,1,"PRIMARY CELLS AND PRIMARY BATTERIES, MANGANESE DIOXIDE"
2732,Manufacture of other electronic and electric wires and cables,C - Manufacturing,Wind,Processed Material,Midstream,331420,3314,331420;335999,2,MASTER ALLOYS OF COPPER
2732,Manufacture of other electronic and electric wires and cables,C - Manufacturing,Wind,Product Component,Midstream,331420,3314,331420;335999,2,MASTER ALLOYS OF COPPER
2733,Manufacture of wiring devices,C - Manufacturing,Wind,Product Component,Midstream,334417,3344,334417;335931,2,"ELECTRICAL CONNECTORS, FOR A VOLTAGE EXCEEDING 1,000 V, NESOI"
2790,Manufacture of other electrical equipment,C - Manufacturing,Batteries,Process Equipment,Downstream,333992,3339,333992;335999;333912;335932,4,"COATED ELECTRODES OF BASE METAL, FOR ELECTRIC ARC-WELDING"
2790,Manufacture of other electrical equipment,C - Manufacturing,Electrolyzers,Process Equipment,Downstream,333992,3339,333992;335999;333912;335932,4,"COATED ELECTRODES OF BASE METAL, FOR ELECTRIC ARC-WELDING"
2790,Manufacture of other electrical equipment,C - Manufacturing,Geothermal,Process Equipment,Downstream,333992,3339,333992;335999;333912;335932,4,"COATED ELECTRODES OF BASE METAL, FOR ELECTRIC ARC-WELDING"
2790,Manufacture of other electrical equipment,C - Manufacturing,Heat Pumps,Process Equipment,Downstream,333992,3339,333992;335999;333912;335932,4,"COATED ELECTRODES OF BASE METAL, FOR ELECTRIC ARC-WELDING"
2790,Manufacture of other electrical equipment,C - Manufacturing,Magnets,Process Equipment,Downstream,333992,3339,333992;335999;333912;335932,4,"COATED ELECTRODES OF BASE METAL, FOR ELECTRIC ARC-WELDING"
2790,Manufacture of other electrical equipment,C - Manufacturing,Solar,Process Equipment,Downstream,333992,3339,333992;335999;333912;335932,4,"COATED ELECTRODES OF BASE METAL, FOR ELECTRIC ARC-WELDING"
2790,Manufacture of other electrical equipment,C - Manufacturing,Transmission,Product Component,Downstream,333992,3339,333992;335999;333912;335932,4,"COATED ELECTRODES OF BASE METAL, FOR ELECTRIC ARC-WELDING"
2790,Manufacture of other electrical equipment,C - Manufacturing,Wind,Process Equipment,Downstream,333992,3339,333992;335999;333912;335932,4,"COATED ELECTRODES OF BASE METAL, FOR ELECTRIC ARC-WELDING"
2790,Manufacture of other electrical equipment,C - Manufacturing,Wind,Process Equipment,Midstream,333992,3339,333992;335999;333912;335932,4,"COATED ELECTRODES OF BASE METAL, FOR ELECTRIC ARC-WELDING"
2790,Manufacture of other electrical equipment,C - Manufacturing,Wind,Product Component,Midstream,333992,3339,333992;335999;333912;335932,4,"COATED ELECTRODES OF BASE METAL, FOR ELECTRIC ARC-WELDING"
2811,"Manufacture of engines and turbines, except aircraft, vehicle and cycle engines",C - Manufacturing,Geothermal,Final Product,Final Product,333611,3336,333611,1,STEAM TURBINES FOR MARINE PROPULSION
2811,"Manufacture of engines and turbines, except aircraft, vehicle and cycle engines",C - Manufacturing,Geothermal,Product Component,Downstream,333611,3336,333611,1,STEAM TURBINES FOR MARINE PROPULSION
2811,"Manufacture of engines and turbines, except aircraft, vehicle and cycle engines",C - Manufacturing,Nuclear,Product Component,Downstream,333611,3336,333611,1,STEAM TURBINES FOR MARINE PROPULSION
2811,"Manufacture of engines and turbines, except aircraft, vehicle and cycle engines",C - Manufacturing,Wind,Final Product,Final Product,333611,3336,333611,1,STEAM TURBINES FOR MARINE PROPULSION
2812,Manufacture of fluid power equipment,C - Manufacturing,Wind,Product Component,Downstream,333995,3339,333995;333996,2,LINEAR ACTING HYDRAULIC MOTORS WITH TIE-ROD TYPE CYLINDERS
2813,Manufacture of other pumps and compressors,C - Manufacturing,Biofuel,Process Equipment,Downstream,333912,3339,333912;333914;333415;336310,4,VACUUM PUMPS
2813,Manufacture of other pumps and compressors,C - Manufacturing,Biofuel,Process Equipment,Midstream,333912,3339,333912;333914;333415;336310,4,VACUUM PUMPS
2813,Manufacture of other pumps and compressors,C - Manufacturing,Electrolyzers,Product Component,Downstream,333912,3339,333912;333914;333415;336310,4,VACUUM PUMPS
2813,Manufacture of other pumps and compressors,C - Manufacturing,Geothermal,Product Component,Midstream,333912,3339,333912;333914;333415;336310,4,VACUUM PUMPS
2813,Manufacture of other pumps and compressors,C - Manufacturing,Heat Pumps,Product Component,Downstream,333912,3339,333912;333914;333415;336310,4,VACUUM PUMPS
2815,"Manufacture of bearings, gears, gearing and driving elements",C - Manufacturing,Geothermal,Product Component,Midstream,332991,3329,332991;333612;333613;336310,4,BALL BEARINGS WITH INTEGRAL SHAFTS
2815,"Manufacture of bearings, gears, gearing and driving elements",C - Manufacturing,Wind,Product Component,Downstream,332991,3329,332991;333612;333613;336310,4,BALL BEARINGS WITH INTEGRAL SHAFTS
2815,"Manufacture of bearings, gears, gearing and driving elements",C - Manufacturing,Wind,Product Component,Midstream,332991,3329,332991;333612;333613;336310,4,BALL BEARINGS WITH INTEGRAL SHAFTS
2821,"Manufacture of ovens, furnaces and furnace burners",C - Manufacturing,Geothermal,Process Equipment,Downstream,333994,3339,333994;333310,2,"FURNACES & OVENS FOR ROASTING, MELTING OR OTHER HEAT TREATMENT OF ORES, PYRITES OR OF METALS, INDUSTRIAL OR LABORATORY, NONELECTRIC"
2821,"Manufacture of ovens, furnaces and furnace burners",C - Manufacturing,Geothermal,Process Equipment,Midstream,333994,3339,333994;333310,2,"FURNACES & OVENS FOR ROASTING, MELTING OR OTHER HEAT TREATMENT OF ORES, PYRITES OR OF METALS, INDUSTRIAL OR LABORATORY, NONELECTRIC"
2821,"Manufacture of ovens, furnaces and furnace burners",C - Manufacturing,Geothermal,Product Component,Midstream,333994,3339,333994;333310,2,"FURNACES & OVENS FOR ROASTING, MELTING OR OTHER HEAT TREATMENT OF ORES, PYRITES OR OF METALS, INDUSTRIAL OR LABORATORY, NONELECTRIC"
2821,"Manufacture of ovens, furnaces and furnace burners",C - Manufacturing,Magnets,Process Equipment,Downstream,333994,3339,333994;333310,2,"FURNACES & OVENS FOR ROASTING, MELTING OR OTHER HEAT TREATMENT OF ORES, PYRITES OR OF METALS, INDUSTRIAL OR LABORATORY, NONELECTRIC"
2821,"Manufacture of ovens, furnaces and furnace burners",C - Manufacturing,Nuclear,Process Equipment,Midstream,333994,3339,333994;333310,2,"FURNACES & OVENS FOR ROASTING, MELTING OR OTHER HEAT TREATMENT OF ORES, PYRITES OR OF METALS, INDUSTRIAL OR LABORATORY, NONELECTRIC"
2821,"Manufacture of ovens, furnaces and furnace burners",C - Manufacturing,Solar,Process Equipment,Midstream,333994,3339,333994;333310,2,"FURNACES & OVENS FOR ROASTING, MELTING OR OTHER HEAT TREATMENT OF ORES, PYRITES OR OF METALS, INDUSTRIAL OR LABORATORY, NONELECTRIC"
2821,"Manufacture of ovens, furnaces and furnace burners",C - Manufacturing,Transmission,Process Equipment,Midstream,333994,3339,333994;333310,2,"FURNACES & OVENS FOR ROASTING, MELTING OR OTHER HEAT TREATMENT OF ORES, PYRITES OR OF METALS, INDUSTRIAL OR LABORATORY, NONELECTRIC"
2822,Manufacture of lifting and handling equipment,C - Manufacturing,Geothermal,Process Equipment,Downstream,333120,3331,333120;333924,2,CONCRETE PUMPS
2822,Manufacture of lifting and handling equipment,C - Manufacturing,Transmission,Process Equipment,Downstream,333120,3331,333120;333924,2,CONCRETE PUMPS
2822,Manufacture of lifting and handling equipment,C - Manufacturing,Wind,Process Equipment,Downstream,333120,3331,333120;333924,2,CONCRETE PUMPS
2825,Manufacture of non-domestic cooling and ventilation equipment,C - Manufacturing,Biofuel,Process Equipment,Downstream,333415,3334,333415;332410;333243;333413,4,"COMPRESSORS, REFRIGERATING AND AIR-CONDITIONING, NOT EXCEEDING 1/4 HORSEPOWER"
2825,Manufacture of non-domestic cooling and ventilation equipment,C - Manufacturing,Electrolyzers,Product Component,Downstream,333415,3334,333415;332410;333243;333413,4,"COMPRESSORS, REFRIGERATING AND AIR-CONDITIONING, NOT EXCEEDING 1/4 HORSEPOWER"
2825,Manufacture of non-domestic cooling and ventilation equipment,C - Manufacturing,Geothermal,Final Product,Final Product,333415,3334,333415;332410;333243;333413,4,"COMPRESSORS, REFRIGERATING AND AIR-CONDITIONING, NOT EXCEEDING 1/4 HORSEPOWER"
2825,Manufacture of non-domestic cooling and ventilation equipment,C - Manufacturing,Geothermal,Product Component,Downstream,333415,3334,333415;332410;333243;333413,4,"COMPRESSORS, REFRIGERATING AND AIR-CONDITIONING, NOT EXCEEDING 1/4 HORSEPOWER"
2825,Manufacture of non-domestic cooling and ventilation equipment,C - Manufacturing,Heat Pumps,Final Product,Final Product,333415,3334,333415;332410;333243;333413,4,"COMPRESSORS, REFRIGERATING AND AIR-CONDITIONING, NOT EXCEEDING 1/4 HORSEPOWER"
2825,Manufacture of non-domestic cooling and ventilation equipment,C - Manufacturing,Heat Pumps,Product Component,Downstream,333415,3334,333415;332410;333243;333413,4,"COMPRESSORS, REFRIGERATING AND AIR-CONDITIONING, NOT EXCEEDING 1/4 HORSEPOWER"
2825,Manufacture of non-domestic cooling and ventilation equipment,C - Manufacturing,Heat Pumps,Product Component,Midstream,333415,3334,333415;332410;333243;333413,4,"COMPRESSORS, REFRIGERATING AND AIR-CONDITIONING, NOT EXCEEDING 1/4 HORSEPOWER"
2829,Manufacture of other general-purpose machinery nec,C - Manufacturing,Batteries,Process Equipment,Downstream,333310,3333,333310;333912;333993;333241;333248;333998,6,SOLAR WATER HEATERS
2829,Manufacture of other general-purpose machinery nec,C - Manufacturing,Batteries,Process Equipment,Midstream,333310,3333,333310;333912;333993;333241;333248;333998,6,SOLAR WATER HEATERS
2829,Manufacture of other general-purpose machinery nec,C - Manufacturing,Biofuel,Process Equipment,Downstream,333310,3333,333310;333912;333993;333241;333248;333998,6,SOLAR WATER HEATERS
2829,Manufacture of other general-purpose machinery nec,C - Manufacturing,Electrolyzers,Process Equipment,Downstream,333310,3333,333310;333912;333993;333241;333248;333998,6,SOLAR WATER HEATERS
2829,Manufacture of other general-purpose machinery nec,C - Manufacturing,Electrolyzers,Product Component,Downstream,333310,3333,333310;333912;333993;333241;333248;333998,6,SOLAR WATER HEATERS
2829,Manufacture of other general-purpose machinery nec,C - Manufacturing,Geothermal,Process Equipment,Midstream,333310,3333,333310;333912;333993;333241;333248;333998,6,SOLAR WATER HEATERS
2829,Manufacture of other general-purpose machinery nec,C - Manufacturing,Nuclear,Process Equipment,Midstream,333310,3333,333310;333912;333993;333241;333248;333998,6,SOLAR WATER HEATERS
2829,Manufacture of other general-purpose machinery nec,C - Manufacturing,Solar,Process Equipment,Midstream,333310,3333,333310;333912;333993;333241;333248;333998,6,SOLAR WATER HEATERS
2829,Manufacture of other general-purpose machinery nec,C - Manufacturing,Transmission,Process Equipment,Downstream,333310,3333,333310;333912;333993;333241;333248;333998,6,SOLAR WATER HEATERS
2829,Manufacture of other general-purpose machinery nec,C - Manufacturing,Wind,Process Equipment,Downstream,333310,3333,333310;333912;333993;333241;333248;333998,6,SOLAR WATER HEATERS
2829,Manufacture of other general-purpose machinery nec,C - Manufacturing,Wind,Process Equipment,Midstream,333310,3333,333310;333912;333993;333241;333248;333998,6,SOLAR WATER HEATERS
2841,Manufacture of metal forming machinery,C - Manufacturing,Batteries,Process Equipment,Downstream,333517,3335,333517;333248,2,DIE CASTING MACHINES
2841,Manufacture of metal forming machinery,C - Manufacturing,Electrolyzers,Process Equipment,Downstream,333517,3335,333517;333248,2,DIE CASTING MACHINES
2841,Manufacture of metal forming machinery,C - Manufacturing,Geothermal,Process Equipment,Downstream,333517,3335,333517;333248,2,DIE CASTING MACHINES
2841,Manufacture of metal forming machinery,C - Manufacturing,Geothermal,Process Equipment,Midstream,333517,3335,333517;333248,2,DIE CASTING MACHINES
2841,Manufacture of metal forming machinery,C - Manufacturing,Heat Pumps,Process Equipment,Downstream,333517,3335,333517;333248,2,DIE CASTING MACHINES
2841,Manufacture of metal forming machinery,C - Manufacturing,Heat Pumps,Process Equipment,Midstream,333517,3335,333517;333248,2,DIE CASTING MACHINES
2841,Manufacture of metal forming machinery,C - Manufacturing,Magnets,Process Equipment,Downstream,333517,3335,333517;333248,2,DIE CASTING MACHINES
2841,Manufacture of metal forming machinery,C - Manufacturing,Solar,Process Equipment,Downstream,333517,3335,333517;333248,2,DIE CASTING MACHINES
2841,Manufacture of metal forming machinery,C - Manufacturing,Transmission,Process Equipment,Downstream,333517,3335,333517;333248,2,DIE CASTING MACHINES
2841,Manufacture of metal forming machinery,C - Manufacturing,Wind,Process Equipment,Downstream,333517,3335,333517;333248,2,DIE CASTING MACHINES
2841,Manufacture of metal forming machinery,C - Manufacturing,Wind,Process Equipment,Midstream,333517,3335,333517;333248,2,DIE CASTING MACHINES
2849,Manufacture of other machine tools,C - Manufacturing,Electrolyzers,Final Product,Final Product,333248,3332,333248;333515;333517,3,DRYERS FOR WOOD
2849,Manufacture of other machine tools,C - Manufacturing,Geothermal,Process Equipment,Midstream,333248,3332,333248;333515;333517,3,DRYERS FOR WOOD
2849,Manufacture of other machine tools,C - Manufacturing,Geothermal,Product Component,Downstream,333248,3332,333248;333515;333517,3,DRYERS FOR WOOD
2849,Manufacture of other machine tools,C - Manufacturing,Magnets,Process Equipment,Downstream,333248,3332,333248;333515;333517,3,DRYERS FOR WOOD
2891,Manufacture of machinery for metallurgy,C - Manufacturing,Batteries,Process Equipment,Midstream,333519,3335,333519;333248,2,TUBE ROLLING MILLS
2891,Manufacture of machinery for metallurgy,C - Manufacturing,Geothermal,Process Equipment,Downstream,333519,3335,333519;333248,2,TUBE ROLLING MILLS
2891,Manufacture of machinery for metallurgy,C - Manufacturing,Geothermal,Process Equipment,Midstream,333519,3335,333519;333248,2,TUBE ROLLING MILLS
2891,Manufacture of machinery for metallurgy,C - Manufacturing,Nuclear,Process Equipment,Downstream,333519,3335,333519;333248,2,TUBE ROLLING MILLS
2891,Manufacture of machinery for metallurgy,C - Manufacturing,Transmission,Process Equipment,Midstream,333519,3335,333519;333248,2,TUBE ROLLING MILLS
2891,Manufacture of machinery for metallurgy,C - Manufacturing,Wind,Process Equipment,Midstream,333519,3335,333519;333248,2,TUBE ROLLING MILLS
2892,"Manufacture of machinery for mining, quarrying and construction",C - Manufacturing,Geothermal,Final Product,Final Product,333120,3331,333120;333131;333132,3,CONCRETE PUMPS
2892,"Manufacture of machinery for mining, quarrying and construction",C - Manufacturing,Geothermal,Product Component,Downstream,333120,3331,333120;333131;333132,3,CONCRETE PUMPS
2894,"Manufacture of machinery for textile, apparel and leather production",C - Manufacturing,Wind,Process Equipment,Midstream,333248,3332,333248,1,DRYERS FOR WOOD
2896,Manufacture of plastic and rubber machinery,C - Manufacturing,Batteries,Process Equipment,Downstream,333248,3332,333248,1,DRYERS FOR WOOD
2896,Manufacture of plastic and rubber machinery,C - Manufacturing,Batteries,Process Equipment,Midstream,333248,3332,333248,1,DRYERS FOR WOOD
2896,Manufacture of plastic and rubber machinery,C - Manufacturing,Wind,Process Equipment,Downstream,333248,3332,333248,1,DRYERS FOR WOOD
2899,Manufacture of other special-purpose machinery nec,C - Manufacturing,Batteries,Process Equipment,Downstream,333242,3332,333242;333998;333241;333248;333519;335220,6,MACHINES AND APPARATUS FOR THE MANUFACTURE OF BOULES OR WAFERS
2899,Manufacture of other special-purpose machinery nec,C - Manufacturing,Batteries,Process Equipment,Midstream,333242,3332,333242;333998;333241;333248;333519;335220,6,MACHINES AND APPARATUS FOR THE MANUFACTURE OF BOULES OR WAFERS
2899,Manufacture of other special-purpose machinery nec,C - Manufacturing,Biofuel,Process Equipment,Midstream,333242,3332,333242;333998;333241;333248;333519;335220,6,MACHINES AND APPARATUS FOR THE MANUFACTURE OF BOULES OR WAFERS
2899,Manufacture of other special-purpose machinery nec,C - Manufacturing,Electrolyzers,Process Equipment,Downstream,333242,3332,333242;333998;333241;333248;333519;335220,6,MACHINES AND APPARATUS FOR THE MANUFACTURE OF BOULES OR WAFERS
2899,Manufacture of other special-purpose machinery nec,C - Manufacturing,Electrolyzers,Process Equipment,Midstream,333242,3332,333242;333998;333241;333248;333519;335220,6,MACHINES AND APPARATUS FOR THE MANUFACTURE OF BOULES OR WAFERS
2899,Manufacture of other special-purpose machinery nec,C - Manufacturing,Geothermal,Product Component,Downstream,333242,3332,333242;333998;333241;333248;333519;335220,6,MACHINES AND APPARATUS FOR THE MANUFACTURE OF BOULES OR WAFERS
2899,Manufacture of other special-purpose machinery nec,C - Manufacturing,Magnets,Process Equipment,Downstream,333242,3332,333242;333998;333241;333248;333519;335220,6,MACHINES AND APPARATUS FOR THE MANUFACTURE OF BOULES OR WAFERS
2899,Manufacture of other special-purpose machinery nec,C - Manufacturing,Nuclear,Process Equipment,Downstream,333242,3332,333242;333998;333241;333248;333519;335220,6,MACHINES AND APPARATUS FOR THE MANUFACTURE OF BOULES OR WAFERS
2899,Manufacture of other special-purpose machinery nec,C - Manufacturing,Solar,Process Equipment,Downstream,333242,3332,333242;333998;333241;333248;333519;335220,6,MACHINES AND APPARATUS FOR THE MANUFACTURE OF BOULES OR WAFERS
2899,Manufacture of other special-purpose machinery nec,C - Manufacturing,Solar,Process Equipment,Midstream,333242,3332,333242;333998;333241;333248;333519;335220,6,MACHINES AND APPARATUS FOR THE MANUFACTURE OF BOULES OR WAFERS
2899,Manufacture of other special-purpose machinery nec,C - Manufacturing,Transmission,Process Equipment,Downstream,333242,3332,333242;333998;333241;333248;333519;335220,6,MACHINES AND APPARATUS FOR THE MANUFACTURE OF BOULES OR WAFERS
2899,Manufacture of other special-purpose machinery nec,C - Manufacturing,Wind,Product Component,Midstream,333242,3332,333242;333998;333241;333248;333519;335220,6,MACHINES AND APPARATUS FOR THE MANUFACTURE OF BOULES OR WAFERS
2932,Manufacture of other parts and accessories for motor vehicles,C - Manufacturing,Wind,Product Component,Downstream,336330,3363,336330;336340,2,GEAR BOXES FOR PASSENGER MOTOR VEHICLES
2932,Manufacture of other parts and accessories for motor vehicles,C - Manufacturing,Wind,Product Component,Midstream,336330,3363,336330;336340,2,GEAR BOXES FOR PASSENGER MOTOR VEHICLES
3212,Manufacture of jewellery and related articles,C - Manufacturing,Geothermal,Processed Material,Midstream,212390,2123,212390;327910,2,"SALT INC TABLE & DENATURED & PURE SODIUM CHLORIDE, WH/NOT IN AQUEOUS SOLUTION OR CONTAINING ADDED ANTI-CRACKING OR FREE-FLOWING AGENTS; SEA WATER"
3812,Collection of hazardous waste,"E - Water supply; sewerage, waste management and remediation activities",Nuclear,Product Component,Downstream,910000,9100,910000,1,COFFEE HUSKS AND SKINS
